RB: Cord of Coils	Az3goR6cikFXVWscP3gpS2aBQ5cGVP6WpQQjDuDC14d6	Legendary	89997	0	0	10000	Required Materials:\n(1) Wazuki's Plate Binding\n(1) Dragon Scale\n(2) Petrified Snake\n(1) Demonic Candle\n(3) Needle
Boots of Divinity III	7PUH8iYFdm1fLNJs9QWco1ifDgeMNLCrYnjg8kKNJX7w	Legendary	74000	20000	5000	1000	
RB: Cowhide Arrowbag	H434TLk5b7aAaZ9hRVbeduJe2WPjd6K7y4WWMFNdnSfw	Uncommon	89962	0	0	9999	Required Materials:\n(2) Cow Hide\n(1) Thread\n(1) Needle
RB: Outskirter's Loop	G96iVJHRGYv1fMXtQ8qsPjfMrqTsjbewddfJfexF2wdU	Rare	89973	0	0	9999	Required Materials:\n(1) Steel Loop\n(1) Sapphire\n(1) Large Health Potion
Ironbark Branch	DZ8CeNJFCZJFyFAsnQFaFqXeYT52q8D1TY9PM6Eqvx8F	Rare	74000	24999	1	1000	
NO_METADATA	3ca8EFBcUo4K64MdmMDCTTjB482TeZZVRz85QWmFNwoj 
RB: Robes of Torment III	5J6eUbDUyQzhGBEXi9Px4EtdwfHy2RZSKh1GEx8N98Pu	Legendary	89986	0	0	10000	Required Materials:\n(1) Robes of Torment II\n(1) Lunar Teardrop\n(3) Demonic Candle\n(3) Grand Magic Barrier Potion
NO_METADATA	CFULScF6489BHFtSwhFjty3zUK8Y1CAhLYH2jhZwVc1J 
RB: Ironbark Loop	HBStc3AHmjHagrV8VBmiiUA7rRufY6oBJxvdUJdA5k84	Uncommon	89974	0	0	10000	Required Materials:\n(1) Refined Ironbark\n(1) Potion of Vigour
Potion of Evasion	Fp49WLQPXVNibWWnfvjVe4tFiNSHFo1fsZYaGf54EQfT	Rare	98839	0	0	1000	
Poison Arrow	5QaDPqJ2Rwj1ndFiavZCwqM42ZHrbFw81Bue4QGNbhhG	Uncommon	72377	20000	5000	2000	
Basilisk Talon	9XgA9idUFH8c9vXcy7r4rswEejEjvPJiGkdbhcp9vv2W	Epic	73890	24999	1	1000	
RB: Tah o' Misfortune	6xMnffzmT9fYJ3aKn3XywEM3YZVNna2Smheik2Gd8ThS	Epic	89988	0	0	10000	Required Materials:\n(1) Tah\n(3) Cursed Essence\n(6) Frog Toe\n(9) Feather
Egg from the Great Roost	5RMHoYMD9NQvi2V2jhtTKNvGVPzSRgEeioprXcpdU7di	Ancient	6	0	0	11	
Wiseman's Loop	9an2ux95cTZwDzyPNQMk9JkCnPfH5xycnQmQgd8D2S7J	Rare	74000	20000	5000	1000	
Potion of Intelligence	6RMneCdH19E8saxmsUbtV38513KFKGvQQ79gxKLwEfKv	Rare	72836	24999	2	2000	
Bronze Bar	2KyGadmPbbRxNs3qFvrKqDQEM8pJv36NmshBUZuocfWV	Common	71817	20000	5001	2023	
Explosive Arrow	5VTezfuH6uPHT3PHHdcAtSPoXsXbMGsTG9j2HhHxydTq	Rare	100000	0	0	0	
Polished Crystal	FifsqZLTew9ztfzaj7XzDgbPrE2tD33DMWAhu2CZpNiB	Legendary	72932	20000	4995	2002	
Tah o' Visions	FBGc6jsfwjB3itozvVyJCrmmfKkvnpRXZBhPGWCfMUnD	Epic	74000	20000	5000	1000	
Rexite Meat	6GbtiDVjfbp4MnCH339cRTfTeN1nFZnX2erb9xmrpZgb	Common	100000	0	0	0	
Hydromancer's Boots II	2ob8ygZKQu5DZ2poA6XDtiyUqrsPsbUnMZgNEVJ1Mdi3	Epic	74000	20000	5000	1000	
NO_METADATA	5MUteeLYAQ5QiERGgofgq5Krgq1BBKWMDqXNkKF6k4QU 
Easter Bunny Costume	DdGEbVnMnHcMC8N9HF1CYp6yFs2WSeBt4LRFypPgBQxp	Unique	102	0	0	23	
RB: Auric Bascinet	A6LEMw7X7Ee3VwvnGyFDchJLkkyDws6F4vYCM4G6CVWE	Legendary	89994	0	0	9998	Required Materials:\n(2) Menaciadon Tusk\n(4) Gold Bar\n(4) Steel Bar\n(8) Coal
Steel Bar	BcuTUxSpi8B4NzhzSNe4EXxYoXabnCZ6Rs4AmcxVSZ5x	Uncommon	72328	20000	5037	1988	
NO_METADATA	GZnrkQjaJ9rUc4dPz793Z5ZinFo1G5qd2W4eEYopZcq9 
Refined Ironbark	FebMZpTbRbjGp7e5iK9hFrYuQAojxB5ybQbCrSP6jtWK	Rare	72800	20000	5001	2001	
Jade	6ktoDmadNLwTgQ4iV3uz22Vppoyb5e9mNTxGYcyaVyfu	Epic	73874	24999	1	1000	
Potion of Dexterity	8dZ746rHUtie25R9uKPFtBtQ2a6MJSyhwyRZ1xqQoUq8	Rare	72840	24999	1	2000	
Tsavorite Gauntlets	H221Xc9Bf4anhavfLaheQYuTPYEEzGrStbfWCdopSdK8	Legendary	72930	20000	5000	1999	
Grand Fire Resistance Potion	5Qi7GK4RQDhLzvxkWScKCPzYdSCRXcJVetQNKEePb2Hv	Epic	98872	0	0	1000	
RB: Steel Bar	8Jw1M2PtBRmHzztK56eWhThv7mfWmcUPxAffUNzZjAAa	Uncommon	89960	0	0	10000	Required Materials:\n(2) Steel Ore\n(1) Coal
RB: Sinner's Loop	EHPX13kAFkpT3ms9NCUkfYicwvhjnrsh2QycfvmBqPRU	Rare	89977	0	0	9999	Required Materials:\n(1) Ashwood Loop\n(1) Emerald\n(1) Cursed Essence
Topaz Star	F33cRRmUxjdzxHEAuC2NKadHuh1QAbJ2Y545UNmtPZeR	Rare	98881	0	0	1000	
Sunset Gloves	CbPKz74axPwYjHTTfZxp4drpi8Vvk9LLWPwGkRd3hZNP	Rare	98867	0	0	1000	
RB: Skillbook: Meteor Strike	ry3rHtSTB1Nt9Z7FGjbNEVNAjeAteCuWnnd6okFPEMB	Common	89842	0	0	9999	Required Materials:\n(1) Blank Notebook\n(2) Feather\n(1) Fire Essence\n(3) Medium Fire Resistance Potion
Strange Fetish	2ViefXArjitg6tHgeod8Tdh8CgQUnU6JkbgjegPiaPDf	Uncommon	74000	20000	5000	1000	
Air Essence	6UYhtZ35PrkGjSVkEAK89nH7C9z7uSFrCzDdtgDewHmk	Uncommon	72235	24999	1	2000	
RB: Skillbook: Duel	DbVapbAVsiUG15eSz7yV1QwFS8vSqUM7Wx2ejHKF7vfn	Uncommon	89960	0	0	10000	Required Materials:\n(1) Blank Manuscript\n(2) Feather\n(1) Orc Ear\n(2) Potion of Strength
Medium Health Potion	7LfsYaC4H5EceRMcB2QMmyuhS9KYJiGJGxxd1uKwz5za	Uncommon	98320	0	0	1000	
Fruity Gumbear	8x3Z8KW4s6r9Gqyw7Ncmaj8q3x3tkaz8T4Ta5bakUtpf	Legendary	98923	0	0	961	
Ornate Sapphire Strap	BbQKeN1CzvbSZ7bWVMjFQhLoQx4BWSKwL2FxX6T46e2Y	Rare	98849	0	0	1000	
NO_METADATA	72xzWHKNxXQNh78ss22tsmWXQpTvsUhfamYwesTfct1s 
Large Magic Barrier Potion	4sgBoRr7J1dssgXNwRmHS5JyHFRr2xih9TTK2gkVu7Ys	Rare	98808	0	0	1000	
Milk	2RxU3KccV898wogNEtBPR8TZ54qEd8JLLVg7JMw1x9Z1	Common	97967	0	0	1000	
NO_METADATA	EZR8gE2BJbHHhLgiPtvXboAVVUc62dBp6yAzo3ZqZx2Q 
NO_METADATA	6H7H5cuiCdr8xh8QaYoTZGe29khrB7H651qgSiRuTj22 
RB: Minister's Loop	8Y4iLxVNuWeGtAaFTL52y8U5P9eFubPqFXxthW5k6KS	Rare	89980	0	0	10000	Required Materials:\n(1) Ironbark Loop\n(1) Tourmaline\n(1) Holy Essence
Steel Ore	DRUG4PHmjxuD54YerUMymE92oQCSP7EaxCHerWExWrrA	Uncommon	74000	24999	1	1000	
NO_METADATA	9yByifZu1uA1wV6DqFxTm1bSu47X4USi7wXEf23d74RG 
NO_METADATA	Dn9jKPi5NsNsEMqubUqKyY8Dm2FnVTMPGXWi1JpRjyf1 
RB: Evarite Bar	CfpeiD7cL2XEzD9cGXG8BRLtfWMkKzGXdeKbSWczYb9Q	Legendary	89989	0	0	10000	Required Materials:\n(2) Evarite Ore\n(1) Coal
Ornate Elven Key	CHnERdxvZYFuAzGx4hQrYj6bpVv9icf4UqCjxgETR3tQ	Unique	0	0	1	2	
Medium Earth Resistance Potion	EVRWto65eehhvAxAuHtSxmfbur4tdMHvREi3Vp5SNe4z	Uncommon	72214	24999	2	2000	
NO_METADATA	BHR87H66o8wmyR2nE8k2KF4njTRQxVdL86R1Qdt9m1JR 
Robes of Torment I	BK2pBQ1vLoC3tEWnNTNdmqZrEKt2w78Bdo3DqUHQMFcH	Rare	72826	20000	5000	2000	
NO_METADATA	AKZAs2KrVcH5C88dkXowSuHJtdMaYw6MD1kSG87AUK8W 
Aeromancer's Boots II	AsL6SGH77E2FATA7BWi2PcEXNarfis6rtfFCFxL3aCp1	Epic	74000	20000	5000	1000	
NO_METADATA	6JNxePmww5WzkX786L9s5osys2LVc8H3BpmBfeovZaQB 
NO_METADATA	8q11RBJSkUAo2z7Y39Te6XbbEFef4EdYAmBfffy7sENd 
NO_METADATA	CWoSMF91En6ubs6531xS8YqBaMDoqQDQE6AcftTrKbJ4 
RB: Seaglass Shard	A4HbrbpiSDyZp1xLPXPj1d4r6YU72sKR6maaNYEct7rA	Rare	89970	0	0	9999	Required Materials:\n(1) Seaglass Orb
Scarlet Leather Whispers	EPXk6eiSMCy69oeqyM9xQexsGRezRdFjttNC2FTegYn6	Epic	72910	20000	5000	1999	
NO_METADATA	kcEQEwtAFVirdyyXbjNPVnrsytgpNNNZtjvvmkS5YAW 
RB: Skillbook: Shaping Lives I	GfzACVq5WYHnRbp2QWzZz9mndtv8ZuDXPcrXanAbeEhe	Rare	89968	0	0	9998	Required Materials:\n(1) Blank Tome\n(2) Feather\n(1) Grand Earth Resistance Potion\n(1) Large Earth Resistance Potion\n(1) Medium Earth Resistance Potion
Dragon Scale	FMCsj1PMHk82Ebm4m2N6bB5PMKKLXVoudeyZ2ok68S16	Ancient	73964	24999	1	1000	
Blank Manuscript	Aioq4BtYPWMKMjQdGXbHghkG7Hbk5P978sm5HMjDysV6	Uncommon	74000	24999	1	1000	
NO_METADATA	2PP3hsMaS5WujQNDGXHhHHGG7isapTDadM5kigDCfcgd 
Explosive Arrow	DrjqhDdQEan849XvGanFwoenf94HQxoLyPowKPhADA95	Rare	72872	20000	5000	2000	
Keycard	AR37T77TrdZYEm7JGxWm9idt9k65FL4VZaUAXKVCropE	Epic	98952	0	0	999	
Crystal Morningstar	8tDE3YqdANB3jYjP3aZsHRh4J9VB8jxLaucHadHpTbit	Epic	72927	20000	5000	1999	
NO_METADATA	GRhJvt6cW2DPcGDKp5CykrxnMbqa9ChnxBpWqgsFRcrY 
NO_METADATA	97WWsKU3XSiP8XuH4eFVZfAa7VewDW2kyuxAwo6RU1d6 
NO_METADATA	6NtUb2TCGoKGNm4RWfAnz1NLfpF7Tpxn6tzgtQLEJc94 
Blank Tome	ZoYDCASt7pEHZuXYqxnGacok9WBNKFtTwQoRCWGt9Nj	Rare	73822	24999	2	1000	
NO_METADATA	9SXkDAwZbH524MwLnbjYxKR4g9rJAUt4ctMNitCmEZHa 
NO_METADATA	3FMoD6kkmfyjo2gLhRswFCKC77Zx6LDDWB9dxZdeumH4 
Evarite Bar	F3cmw2R5qH2fJn5BD93ybeWenrMJTUwLGN8i4hUqGW9Z	Legendary	72890	20000	5006	2040	
Refined Dawnoak	CxDrEYvf9zPcCQNW1oYpinMajdzDAZR8kahHARXzNyxS	Ancient	74000	20000	5000	1000	
Rainbow Petal	4HozTvyFkUy2ZPcZy4NyqdtDbUpJDKw3cqGyuz8aKMHb	Unique	99970	0	0	0	
NO_METADATA	9B6V8MpBbrWs5x1uNYfMbaCGGc6cSQXU4DTX8sk67dZm 
Outskirter's Loop	HpDDgtbCHwLVjtquShybRDmf17GceNQ1sAh9epdqQCKX	Rare	74000	20000	4998	1000	
RB: Geomancer's Boots II	7yg7yYNLm6H6kEH1qSvYuiQP5JrJSmg5XsqPmzrM2pre	Epic	89980	0	0	9999	Required Materials:\n(3) Tanned Leather\n(3) Gold Thread\n(2) Earth Essence\n(6) Needle
NO_METADATA	6RkHUWXJZBy57phdKXn1tihUTCdRtyDzPygAQGnNb26q 
Gold Ore	6VprA96CyrbqQxBxddYdNVfw9TPoS4qv7PZyBgCMrCuT	Rare	74000	24999	1	1000	
Potion of Strength	564Hu8fCkZXA5W3fabM583pGVNacrx3WPELBsJnuCzYt	Rare	72842	24999	6	2000	
Ashwood Buckler	BBDJqnBySQCweGAGtzeo4BYN3i2z23VcbZsZcfrfQfvA	Common	97749	0	0	1000	
NO_METADATA	4LCF9BHAMccp5WrcePA2Z9pTZMFZFB3rpnbixkFc2cqg 
Tah o' Gales	Ei6yx49yZ36f8ErZSK5BVvCLj2YRP1xTH2kfN6varqN	Epic	74000	20000	5000	1000	
TypeError: Cannot read properties of undefined (reading 'value')
	at C:\Users\nexar\Desktop\solana\index.js:111:26
	at runMicrotasks (<anonymous>)
	at processTicksAndRejections (node:internal/process/task_queues:96:5)
Copper Ore	CUiDDMVZFns8RuugN7MiHeh39u8VmjMECckUpDWiT77C	Common	74000	24999	1	1000	
Tah o' Stars	2oTmMgHzNd9hmMnEiCvx66kexvzAD3CA2NjyrpUgXqCf	Legendary	74000	20000	5000	1000	
RB: Scoundrel's Sack	FVpka24yiEU2XV6adH2oTw2GwLeKtHNc55P78W8LSSM7	Uncommon	89963	0	0	10000	Required Materials:\n(2) Plain Cloth\n(1) Thread\n(1) Needle
NO_METADATA	29bAnxkxUz97nLt2dsPgLE7nXZpK2jv7mX7mqTi7G8Cr 
RB: Boots of Divinity II	Gt6QSYN2CBDUTyhVsnQGXr4VLFPhapSun5vgGurF9K3H	Epic	89985	0	0	10000	Required Materials:\n(1) Boots of Divinity\n(2) Tanned Leather\n(3) Gold Thread\n(5) Needle
NO_METADATA	A7X3sYa68fKh5u8VpfsbY2sDeV9DhWFfH98y34wLXeSZ 
RB: Silver Loop	59T3rnMHs1TxRqBXRvcVTCTc1riXLBU4TGv4PRyGbXU8	Uncommon	89982	0	0	9999	Required Materials:\n(1) Silver Bar\n(1) Potion of Strength
RB: Tah o' Embers	5zgGNyh76n958FoCkhQmvcwCJ2rcSjRZD7GbAAGF1cud	Epic	89993	0	0	10000	Required Materials:\n(1) Tah\n(3) Fire Essence\n(6) Coal\n(9) Feather
NO_METADATA	FE7LhrSPCx6skCpV1TPPDHSgHceJnGGExDrAkLpBJm6R 
RB: Tah	FVzNEzUY5sCfy4puvVMCcA4xuxfMCKMi84Yb2xcXmy55	Rare	89977	0	0	10000	Required Materials:\n(1) Dn'tah\n(1) Water\n(1) Salt
NO_METADATA	FkW3DwsakmgohddKv7Dz5syKuqKDq2NUcGTxKAHCEQbh 
Skillbook: Vampirism	APFGSx57D63QSDc9mhHgereKSkoneJV6CkTByDn4SZMz	Uncommon	72422	20000	5000	2000	
Auric Bascinet	CQMxkajFZWCgwe1ZWv22VHFY7MyqyB6ayx4djk4Fg276	Legendary	72933	20000	5000	1999	
Cursed Essence	AEedqWYyMptm9p5dc8LJqzM9t1Rh139GkMuWdELNBCZt	Rare	100000	0	0	0	
RB: Silk Sheets	5JPHa7EokpfRQempxueRpM6dWAxsbnXMadewQ3QVunfy	Uncommon	89976	0	0	9999	Required Materials:\n(2) Silk Threads
Needle	5vL662L3unboepxuGtTfegxLMmWwAZRtpWgNgXxNqL4z	Common	73763	20000	4953	999	
RB: The Illuminator	93Gsc8mEwhqvoaYBZqM46k9QqNpkXTpn1os5qiashkyU	Legendary	89988	0	0	9999	Required Materials:\n(1) Gil's Plate Binding\n(2) Refined Dawnoak\n(6) Gold Screw\n(6) Holy Essence
NO_METADATA	GctubKL3G7j2Y6CEBhu9mg8Kno21Wd4mNBPzMrAeKg6p 
Holy Essence	GrUk441PBKhwU6JLANxBr8TEy3uhoTJ246THdd7vvr9n	Rare	72760	24999	1	2000	
Grand Earth Resistance Potion	Gh8m8p9h8GeGfT2feXUkgcqwuGrn3DnK6JYirYCCuEjc	Epic	72886	24999	2	2000	
NO_METADATA	33JR2c82EtHfLH82JJqwvM2bunzDFkxezZ3y3mDXziow 
Magical Basket O'Eggs	GajKz1xF5c3iexrkD2NmdKRgbSNiGHAmsVQwirhciRBT	Legendary	216	0	0	0	
RB: Ashwood Loop	5WvXHszRXbLLZbNcZ19cK5mmV9RHV9ohtJcGpxi5g6R3	Uncommon	89964	0	0	10000	Required Materials:\n(1) Refined Ashwood\n(1) Potion of Speed
Bread	D7K3DKekvtYBnjWTqzEtnhqEPZ4a8e1KhbXimYFC3y1y	Common	98046	0	0	1001	
Boar Hide	BtovNVMVabrhSuKZnzY5PTuWPvbpjHT4Bv6D2K1ompEa	Uncommon	72243	24999	3	2000	
Tourmaline	6Q4PTNbAi7nEDsjqVteRcisRcUFHmXmuyYfymjRwESRD	Rare	72888	24999	1	2000	
Gold Screw	2oE9vfHq2RKpz5CQYJQAPFzQDEw5n7T1ug3jLwkYzKJ8	Rare	73851	20000	5000	1000	
Cursed Essence	79adwyijNrZJHWAKSLPoGD4dcYJmFRB1WoeKW9UBDPwE	Rare	72743	24999	1	2000	
RB: Scoundrel Cloak II	C2t5AWdHdC5Ssn1kLe3CA3c7vxMbLPFmJ1gFt21We7fQ	Epic	99993	0	0	0	Required Materials:\n(6) Golden Silk Sheets\n(2) Basilisk Talon\n(2) Jet\n(6) Gold Thread\n(12) Needle
Steel Lightbow	GsZK3gFqs4qhkwgGXYtPLEpbhsbwePkRoWByyDtfgzRT	Rare	98865	0	0	1000	
RB: Refined Ironbark	HHZxCxpQqXJjumF7ACLjFdqgEDs5y4gAARcKXL6CJ2u5	Rare	89978	0	0	9999	Required Materials:\n(2) Ironbark Branch
NO_METADATA	GkAfmCJ89M5ktnyzNonzeFJQ8PsdMCuGDibfZyWDk58E 
Small Magic Barrier Potion	3C7tWq4yif6NChmRW9jX3AqBVHWEkTEe3UevtPYJ3WLC	Common	97965	0	0	1000	
Auric Goblet	EjTBJaPUNR36Yb1viZpPq8dJ498jnDMAwYwtm4jr4dm	Legendary	98930	0	0	989	
NO_METADATA	4r5YvTUoweer2H58GaafyqRuZxEKpzmVuXGu1Y4UQZ6M 
RB: Stalwart Battleplate II	8p1rhRfF7fVRv4eDZ651Fw6JmTFoeGy4cYu2KpHKrZQG	Legendary	89990	0	0	10000	Required Materials:\n(6) Evarite Bar\n(6) Steel Bar\n(6) Gold Bar\n(6) Grand Health Potion\n(18) Coal
RB: Gil's Plate Binding	9XyTfx645KoeZC2mmTCkoaDAuXEyiDM4KgpCuGuL2xwP	Epic	89994	0	0	9997	Required Materials:\n(1) Topaz-studded Bearskin\n(9) Bronze Bar\n(4) Tanned Leather\n(4) Needle
Tanned Leather	FspAG9NawvRpuTVtdMRQQ6Lcd6F4mLceG3UVHekWnxwt	Epic	73902	24999	1	1000	
RB: Robes of Divinity III	B8N7ootUn4B5NWeLLXDnMkXio85XRBZSfK7qXFNbK2DJ	Legendary	89994	0	0	10000	Required Materials:\n(1) Robes of Divinity II\n(1) Lunar Teardrop\n(3) Polished Crystal\n(3) Grand Magic Barrier Potion
Medium Water Resistance Potion	9yXCZBD53GhHXqUESdVX5iZ5zwTF98RT2EKu1tU8oP7K	Uncommon	98214	0	0	1000	
Emerald-studded Bearskin	HLA7bf8RmwBZWrfa7w1nHRVKGmLKq7Xq59EQMmLzfQED	Rare	74000	20000	5000	1000	
NO_METADATA	Ag6bfVyPFCBG7GfukjBxGCD7u166gbkfiZGeVrNXarC2 
NO_METADATA	BxHipWnxMDWLLcNTe5Ff2sj5tbRgazagBkBcCoDfM5Fb 
NO_METADATA	3jQTy4Z85J1LhGANX9RiVkqZeiraqvSbzkeHHJSGSwmB 
Plain Rope	QidddZjq9oRqA29BsMMDA4t8vJXiaRJPtwtSRJnq3Ae	Uncommon	73886	24999	1	1000	
RB: Aeromancer's Boots II	Hcqz57ZLTcdtuvyzT73en9nDWmC5MqVqAovsZ3Y2BWNf	Epic	89991	0	0	9998	Required Materials:\n(3) Tanned Leather\n(3) Gold Thread\n(2) Air Essence\n(6) Needle
Buckled Leather Strap	3LRED2BbA4gER7D3o5MHYv54vrXUnnvu5N7JeELz7aDo	Common	74000	20000	5000	1000	
Large Poison Resistance Potion	FVA4WtZeip14ziXe4pF56Dg3VgnaS452QKoRLweRnair	Rare	98847	0	0	1000	
The Flame Reaper	gn55ca4TGW9nHkLoiX8vtmst869D6rkZPT1pRsK6btY	Legendary	98958	0	0	942	
RB: Ice Arrow	azyLv1BgJ98WzmAMyvKRxHMy8DbCGqwjhrMNk7vHeps	Epic	89989	0	0	10000	Required Materials:\n(2) Warpwood Branch\n(2) Silver Bar\n(2) Water Essence
Braid of Gold	71vzSRujyQNLHvXNHgenaijjhLtbDkCo8ECn67EGteKN	Epic	74000	20000	5000	1000	
Sharp Arrow	2BpAC8quN9mtRw7z9FnxHvxe2M6DXm8rBrqYmhziAF2u	Uncommon	72426	20000	5000	2000	
RB: Explosive Arrow	A94QHK1rbjMACRKF14KyeTd5typpTnzUsbzavBFh9DfC	Rare	89974	0	0	10000	Required Materials:\n(1) Ironbark Branch\n(1) Steel Bar\n(1) Fire Essence
NO_METADATA	AYQkRiQMDjRf5nPZ31pfpG4mR3dAsc9f3Ppg8dBsWWin 
Heavy Arrow	4MmyYCLgHJZ2MmirKTTNgkJKfduvmznGQn1jbf3ySMDU	Epic	72961	20000	5000	1999	
NO_METADATA	9KHPo61BmHRE5kmBY8XS6WipasaqtC9jjVSd2oidiSnE 
Cultist's Diary	B6mV4J6AvcNYMRK1CXn4p8pF64KKq3X5H9XcCnLxPemW	Common	100000	0	0	0	
RB: Evarite Bulwark	MAPvPLYLj639NjiXYte7ofFXppQptp3E6nuJ7xNu7QR	Epic	89994	0	0	10000	Required Materials:\n(2) Evarite Bar\n(6) Steel Bar\n(8) Coal
Grand Water Resistance Potion	9H4uFZ72FtqX3TxZWmDfyAXohwFUaG1dKhbfeEdXuQam	Epic	98908	0	0	1000	
NO_METADATA	5kHHN2yXYJNAdLpfxo6CYJSLwVCxaDdamKh5q4X7w7P7 
Bat Wool	4zKuWzLXhbUQ63ocKdVAqX5SVY4N27tJvSZg2n128gWX	Uncommon	73842	24999	7	994	
NO_METADATA	J32GaQWNTUHNXspGooxaAnF9wQyZbWZqpZsgNQQ2MpT7 
Medium Magic Barrier Potion	4bCQUyyiDb4m96haizGBnBp5PXWm1MpXv5XEGSh1Y4rs	Uncommon	98232	0	0	1000	
Orc Ear (Pierced)	BT4VFZ7jfrvZhb6gNuPNkiQx21j3AVr3AHXdTX68SB8g	Rare	72738	24999	1	2000	
NO_METADATA	6qqQxj3FMRm1b2ayuHfLH4gknLptgpaZxfMUa4rD7vKT 
Potion of Speed	CFiszYFuPNq7ELQwf4W4sdBdQT9bPkp4DTXvmX7syHRN	Rare	72851	24999	2	2000	
Bronze Lightbow	7u3U4DYqwxNanxhMKC4eJ49hzqAZEPeKbgq5WdizGYeG	Uncommon	98241	0	0	1001	
Silk Sheets	24uvNnfh7cQXkFJQaeM2LJxWWSw796mQVyivG1a1ddiX	Uncommon	73876	20000	5000	1000	
Smoked Trout	2Yx7GhYsbVW5abiRUyCqLscye4ghzGAvkwjEYzqAfPxX	Rare	98794	0	0	999	
NO_METADATA	Hb2qqkM9uKx96zUkhQ2Lz3xYS832NiZqeyerGpX2E1Rz 
NO_METADATA	EEVoHJmBEspcboM9BxmXjAQawreUanHCJeg6XhVhEH7w 
NO_METADATA	BWBGRUCZywbkrHK47L2QUwRuWckYJV6Wo85x65pDcDHS 
Blinding Arrow	DKRPvNaBK5uuTU7EWytoVPY943RAskHM6hyHzZqMzTm6	Rare	100000	0	0	0	
NO_METADATA	84RoeR1G5TPJCrevpCxN1JnhWwqwKMA4rCxt9uDDVbNf 
RB: Tah o' Bravery	GU23JGZxZuy52JaT1Y389uyXN9KCp5vG6qWBzZ4iAi9s	Epic	89988	0	0	9999	Required Materials:\n(1) Tah\n(3) Ruby\n(6) Copper Ore\n(9) Feather
RB: Polished Crystal	5NhbA7Aa6EHvJMV5ganX5roUBJrvCkU342APdTbutpJu	Legendary	89995	0	0	10000	Required Materials:\n(3) Crystal Shard
NO_METADATA	CxeM9438xzs5QEhc4Hg76tkWuf3sw8awyv8VLQi3GHEZ 
Obsidian Bar	2AdnHZsKvVLBKjKKgSiBqPKS75Vfufus4Y6bDKQw5YY5	Epic	72927	20000	5000	1990	
Cursed Fetish	3NS3AgKKhMpJkWamR2srjxZEhwKe53WoAPxaDpCKkTsf	Rare	74000	20000	5001	999	
Minister's Loop	5yNcn8YNozC8KuxENakNhgvsMw6GH9WDV49MgbiBxNcN	Rare	74000	20000	5000	1000	
NO_METADATA	6LWuyEQypV99855tYrhFRrcvMZrmwVcHEFQRb3ZUA5dU 
NO_METADATA	3HNjSpLGP8ZpiqBP25FgQMGF2cVhtbTESd8nm1q28wec 
RB: Gold Pouch	A6hTZvuMPRUQRJ2jUR9HyRJ1iUahkcMEEhBaAxaNrTee	Rare	89980	0	0	9999	Required Materials:\n(1) Scoundrel's Sack\n(2) Gold Thread\n(1) Needle
Skillbook: Summon Gem Golem	CEnMsd3K1SAVSWiRY2dbrtZt46aSJ2sTZdQQJGnXTun2	Rare	72862	20000	4999	2000	
NO_METADATA	4QAE76SWUmdbzuZF7Fn7G97wwbPfbQtvM2Bw9GsAPGf1 
NO_METADATA	AP6dJHkhSq9FYDFDYZ6pB3t7zSXX4EJgDJYr4L9ToZMT 
RB: Plain Cloth	91tdJ8TEDPDMeRoL76xRGQSBM8VJpmJW8Ku5UmemiJXk	Uncommon	89959	0	0	10000	Required Materials:\n(2) Thread
Medium Armour Potion	ARue4pxHNXQ5tQSRLWQyGr759oXurweGYE7rcGqA5v9w	Uncommon	98284	0	0	1000	
NO_METADATA	DriE1iMRm7Qd6PKWJNJ4SJw2BFfmQ6tjxMxwCPjtbLNT 
NO_METADATA	BzDRmYFzkPDSiVyj1BpcxNamU49wR1iPFwUiup4bgW8M 
Guardian Hatchling	6DjrjVBagmYbFw376orGvWMd6HGDjYXJiK756HPWcWLJ	Legendary	10	0	0	28	
NO_METADATA	AuGxTUXZTiCviFYrTdj8xZxXavcdGL9YvBj8cQbtpCzj 
NO_METADATA	HZEj5EgFbrv96aoRC5f2nTXd4KwtWeJMSLyeU1v2CZCc 
Winged Medal	4e5MvBtXU954PBeQqEYoac4wuARWnxig1X9y3r3p5R1R	Rare	4	0	0	38	
Ferocious Arrowbag	6GocErAshdCZNwZ7JZ2mhHkvhde3nNj2eMyKmN723zZs	Rare	74000	20000	4998	1000	
RB: Refined Warpwood	7gxtCBf2c4rXk7W5Ni9Mh9qfpFG2iXhHE4sN6Baw1uMf	Epic	89987	0	0	9998	Required Materials:\n(2) Warpwood Branch
RB: Aeromancer's Boots III	CfhL16vfDFg7xSSpmkUSFcP5ZNoQ1L63mVMUV4oSY5Ej	Legendary	89996	0	0	9999	Required Materials:\n(1) Aeromancer's Boots II\n(9) Air Essence\n(1) Lunar Teardrop
Large Egg	CdTq4pTpkSirJqrhHRMSeA5ppysLnGMvwP8S1optcYmm	Common	98029	0	0	1001	
RB: Prismatic Valkyrie	9QB3t6VB7ztb9ijFD34AUQTSY52Wb3cZiTBtVNCWvaYn	Legendary	89982	0	0	10000	Required Materials:\n(2) Polished Crystal\n(4) Refined Witchbriar\n(2) Topaz\n(2) Jade\n(8) Gold Screw
NO_METADATA	432vg6r6kAZZt5TJwAr5sjG8w6XNEm4hzTXo3FrCxxmX 
Earth Essence	6v1dHxQMxntC2cCpyhhwELxTAKYhD2gReMygfUt749GF	Uncommon	72286	24999	1	2000	
NO_METADATA	4XnJJ1NBC8YUFUwqTVv29aYsmuiE5QoHaNPwM7rkWjYj 
NO_METADATA	4HnSA6iaNUhm6shHKLrtxxxnKJ1cYkrWjbUfLCW4SvV4 
Potion of Invisibility	Bq8KV7iNHy2JRFG1Wrv6cFBPvFJRMKv7HSpHFB4MRMTD	Epic	98907	0	0	999	
Corn	9UnES658swZ2Jbi66GSt6i3mL5GrMpZdPxCQ3c1A1WrY	Common	97936	0	0	1000	
Blank Notebook	Be9HHxwdPG592RMvYRyufcwoigh1hPGXTezYFNn1UVk8	Common	73734	24999	3	1000	
Skillbook: Forceful Shot	FcemcqYqtdyVGFErHfD6Ys98y92C2pEpfxm6Yv3DBM18	Uncommon	72422	20000	5000	2000	
Bronze Dwarven Key	5s9ji555QLCBfu3Ttr4BRgCVBpesKRTNJdNWqBRUzovu	Rare	98883	0	0	1000	
Evarite Bulwark	GnRpGfotNMG6zVGCHBzRNsekAikZ9dqw1hDLzx9wnpHP	Epic	72921	20000	5000	1999	
RB: Iron Bar	Eqwz3iDkSPQ2joZQZyuPo7Hv17MbruphdpHn1kPcR2V2	Common	89854	0	0	10000	Required Materials:\n(2) Iron Ore\n(1) Coal
RB: Tsavorite Bar	F12MohnmDXABqWLscHQbLXdntcs3qvm3ffTMumNiUd6f	Ancient	89971	0	0	9999	Required Materials:\n(2) Tsavorite Ore\n(1) Coal
NO_METADATA	xDEixNeSmdwgirKxvCnLunP2WyGWGAPWtTLeoSANxfD 
Sugar	6o4YuCaxUcNsujRP3kj6Bnzdb1Ur8sUoD19S1SBVaJan	Common	99896	0	0	0	
Teir Othoan Partyhat	GJ4EeEY7NEnhLWScyrV2xqcv2kaBEjdkNRxYFLH1Wr4q	Unique	99950	0	0	34	
Topaz	ZZcriKbNC7VeiypHY1R3BsuTK9rGcj8yJGssZeCx9kj	Rare	74000	24999	1	1000	
NO_METADATA	q54vn43RZzujUv8CZGypCd5bT6rRtFGfJmHfxX4oR1y 
Robes of Divinity III	8a9j5NNJfeec8hnqZkEcRSfkBBKbipKoCgHD5LJyjSfV	Legendary	72953	20000	5000	2000	
Stew	2oC7UBfXkPug7ZhMsBd5qYrN1XoU9RULqtLh4n39moMR	Uncommon	98219	0	0	1001	
RB: Robes of Divinity I	C8Ks9U3MTWEc86KRBCqtZdDqAXtfEZ7RVeDpWu4jezNq	Rare	89968	0	0	9996	Required Materials:\n(6) Silk Sheets\n(2) Gold Thread\n(2) Holy Essence\n(4) Needle
Key of Desires	EUZRq1xcirRbHeod15dnLYU4VwY1fMwKMhwmezt5bSzt	Legendary	98959	0	0	998	
NO_METADATA	57b2WRw6Y7TZigmScocBzrCHzJVo7K5ZKeuhWxw9EArT 
RB: Crimson Buckled Leather	GzQcXTFaSQ2DaHHwvgTY4wJdWj3HjV8GxoEuMH7jXxFH	Uncommon	89961	0	0	10000	Required Materials:\n(1) Buckled Leather Strap\n(1) Boar Hide\n(1) Tomato\n(1) Needle
NO_METADATA	3MGqgX6N83dSnRdfoLZQ9aWVVxmQQ7raGuXXEkXxa7D3 
Golden Party Ticket	FN7QTAx5vtEB691xa4qS5UBbBxoejizcqdfWhGHfZcBs	Unique	99900	0	0	29	
Silver Bar	7Jw3yUnmRBrZpnBKb2SWa4ewpzkHaU8bb3ntEFJ7DQpD	Uncommon	72335	20000	5005	2000	
Water	5B223zTFkRhjABbBEXVerEQ9hAZdcQVJRJa6JRB3aaSk	Common	71969	24999	1	2000	
Tsavorite Bar	7NJR1SWBSXmkSnZh6XFFh5y7VM55414GDLHEa31Y1Xp	Ancient	72991	20000	5000	1999	
RB: Needle	92N6GKY6Ym2Drp1b33gcAr34ngBvg7DhkkEeZhRs1CxP	Common	89845	0	0	10000	Required Materials:\n(1) Steel Bar
RB: Refined Dawnoak	9XfYtViTKDvjBqjEc6KdrarrxmoPZqNc9CD78VxDuq31	Ancient	89970	0	0	9999	Required Materials:\n(2) Dawnoak Branch
Warpwood	CaJr5FsSNenTJc7vVNH3vEo7x55yAbrUvnoKCaVqfDT7	Epic	72941	20000	5000	2000	
NO_METADATA	7jhcvSbxktozwuaxxBLne29YHbL4qPuqrtqD1dij9b8 
Honed Scimitar	4wttdHEz2wgURkCiyTM1uLJg5aEWHDTmQMkAnWQHQU7T	Uncommon	98323	0	0	1001	
NO_METADATA	9dbQgBFLfbo5cvmeg8uuhu9VHt92xLz34UoeHLxwkSf8 
Marotte	Cq7KuWLxhoCyxhnAfrhVRkxqxKpENuPUp8MnMbZxf1gM	Unique	98938	0	0	1046	
Blightwing's Sting	CQb4c443JU2nuX975UzNU6h2zaNdmTphbAevKUb5Upc5	Common	100000	0	0	0	
Demonic Candle	AdbgiyJ3dzuYimtD3AymrTTKZguEuhLf2YQ21TKL1rnP	Legendary	73915	24999	1	1000	
Stalwart Battleplate II	GsKfxQA4Qa49sEceEgKbae4wNd5cWMzvQsqWqTknpUWh	Legendary	72952	20000	4999	2001	
RB: Darkened Buckled Leather	HEChA2jMko1TTjVGmwGDXbTfCWS2UBe9L3FLzvAFtwU8	Uncommon	89967	0	0	10000	Required Materials:\n(1) Buckled Leather Strap\n(1) Boar Hide\n(1) Coal\n(1) Needle
NO_METADATA	7x5ZpoVMekkSZVfh9RHT27wPy5utxSU1jE7mLZpMhgGc 
Ice Arrow	6EYz5n1UF6zaP58vAou9k2RLbwHjdQdutp2te5L9Jr9w	Epic	72952	20000	5000	2000	
RB: Topaz-studded Bearskin	RtQRp4EDJRPTJpGf4KKq7xwxdsk2ZbpgKWvCfZL92yd	Rare	89972	0	0	9999	Required Materials:\n(1) Buckled Leather Strap\n(1) Bear Skin\n(2) Topaz\n(1) Needle
NO_METADATA	AkGto1hmbV3xe5n91AC3WE97bsoVK5DETFG68B546LmM 
Small Poison Resistance Potion	3FMvNGEive2zMXfLHQYQZPkEeFhCL546Vm12Kg4CA1UN	Common	98020	0	0	1000	
Robes of Torment II	12AgcN6k9k57Cw4n7D4wXAskzi5K41ZRjWVBDphPztaX	Epic	72914	20000	5000	2000	
NO_METADATA	2h456F3qA8Bu2jqYj2fpe9BZ65J27WNzk6Zp7Y9Vmzoj 
Broken Skull	6LEZeb94pYLzxiatfyoKQGKcEfmSQE2cVfHnYCaqCVdw	Rare	73864	24999	1	1000	
NO_METADATA	3PJTDHUuQPCqePS2hvQiehit6yvDSKA7iywAB52ZCoNB 
Mazan Partyhat	Fd2iMy4nEQLTfUvquvgEZZ868mZc2us5kmAW1RikW5qX	Unique	99950	0	0	31	
Silver Goblet	Fe9TuPhQXC9N2L1z84eEBuuWmUhws6VYZ9gJjJBYJEXs	Epic	98892	0	0	1000	
Fox Ears	BrPi8zGe2QoFbCba4ntXvdpK5tohy6NYtDP5xPrNKmPf	Epic	99903	0	0	49	
NO_METADATA	93kf2uXVCsJj86Hz9rhG84DFpkSwuC14Jz3VZNnHW8rm 
NO_METADATA	HgWwCzHkpUueYJVqje1QnHxGqbHCKVxcfwMwsJWNRvFB 
RB: Valiant's Loop	GvgSa46poNPhJZ5vvBhXkmzi1XbJUkcDjGTtnNfaAED5	Rare	89966	0	0	9998	Required Materials:\n(1) Silver Loop\n(1) Ruby\n(1) Potion of Strength
NO_METADATA	3qGDdniyvdAYdE22v9vknC9MrAY5YjNLdhd7QebezEPg 
RB: Skillbook: Vampirism	C9NwyVFiAfVf7MAAmEu5YafxWiJzRfHAKPSdScwLNpca	Uncommon	89972	0	0	9999	Required Materials:\n(1) Blank Manuscript\n(2) Feather\n(1) Newt Eyeball\n(1) Frog Toe\n(1) Bat Wool
NO_METADATA	Av2Fs4e9DK8czE5RWbW5p1LtpHSbXJdWjxogteW461tD 
RB: Strange Fetish	HpZLWCbRcBnwdxJqcjFZt3PN471HvLZUskAoAFJcYc5u	Uncommon	89973	0	0	9999	Required Materials:\n(2) Wool\n(1) Thread\n(1) Needle
Medium Poison Resistance Potion	DmhXhjKpXTaEWWwzaYx2EWVrzXB4JvSJSWm6Mur61H47	Uncommon	98269	0	0	1000	
NO_METADATA	3ZvXjJSEL2ATjzbz1ZWrGjQVg74mGgUsqrgwdQswLPML 
Ashwood Loop	8wAf5pw2CXm3XMBBBa6tT7WrMv5PNGBb2NLo3BJcWYtj	Uncommon	74000	20000	4999	1000	
NO_METADATA	B4cNjzjiZqXkafCBnT2yKQc5AXkG7ReyuxjuDrSrMLAu 
RB: Braid of Gold	DqPASkoQ8sv8nHY1oCYLb7w7PhTzF1ymRRC9mWr7PdXf	Epic	89988	0	0	10000	Required Materials:\n(3) Plain Rope\n(6) Gold Bar\n(6) Coal
NO_METADATA	2YDifaXYTVJMA56pP2Xr7SSXU8SY7i7xp68WWRjuoieF 
RB: Tah o' Stars	79a7NCBV8vwRU9C49ZyqPFyCGLR9tzdbMyb4LGQAUE3L	Legendary	89986	0	0	10000	Required Materials:\n(1) Tah o' Bravery\n(1) Tah o' Ferocity\n(1) Tah o' Visions\n(1) Refined Dawnoak\n(1) Lunar Teardrop
Wool	7RS5xNihPYBrBnNcwQyumBQvnjW4kyq5KgmutparJTmV	Common	73705	24999	1	1000	
RB: Tah o' Gales	C6Lw7gdg31MVuw8W1HUSGswnE8K7mp9cnR8sfFJL8Uf	Epic	89989	0	0	10000	Required Materials:\n(1) Tah\n(3) Air Essence\n(6) Valewood Branch\n(9) Feather
Bronze Loop	7CJUK2CmSzt4R4sEwmmywduRDZxUGEQYowjDatCKkxMT	Uncommon	74000	20000	4999	1000	
NO_METADATA	Azdu7dgdbPdRuZF8QJpngGM3tkUQGSwXP5y4ZpUqJ9fy 
Silk Threads	Dks6LrSzibeSLCShY7jjqnCHnEjjfT92fLBpcH6etCVY	Common	73718	20000	5000	1000	
Honeyed Lemonade	4i19xEfeNta9xskSB2GiFGGgy5YMXDuq1TuwHyNhiVJ4	Epic	100000	0	0	0	
RB: Gold Bar	BL912DAwnMa6Nya5d4YsfxMzDWMtSNjyxTqx6EuYfz5S	Rare	89971	0	0	10000	Required Materials:\n(2) Gold Ore\n(1) Coal
Aerokinetic Spellblade	HvbtqWxupkmzNKzoEbMvLYF4Pqgrnkufy356gVqmwpZ8	Rare	99000	0	0	1000	
Refined Witchbriar	E2qQVPGZRrhkL4e9N8VzSDxcoiWMfWWwmZCRSsgMLSYw	Legendary	73915	20000	5000	1000	
Skillbook: Meteor Strike	3VyFfkFcmCwnmSk6bwokeCV4ameTtRv2MyjPsZtDLqZ1	Common	72133	20000	4998	2022	
Large Armour Potion	FWSVo1dHHVzJqsmCje4XFgbzr685iGUguQA1SCtpyESh	Rare	98827	0	0	1000	
Ironbark Greatshield	4bu9GJCzKKNmUv8t313DMGtL7ZWv7iNSvKcxxZ1B7X9X	Rare	98871	0	0	1000	
Blueberries	FGeqvRopGnmJM3cnDFeQ7kFB22wbsoUAAbBBGPUknUeE	Common	98044	0	0	1000	
Obsidian Ore	GkArVgyxwtiabx7qjeuXy3K3QdGHkx7ierHDtf7dcyaC	Epic	100000	0	0	0	
Bleached Buckled Leather	3EEMChijRTnKkaUTpyqtAUJAG3MnAS2DKwwsVwDaAzTj	Uncommon	74000	20000	5000	1000	
Dawnoak Branch	Ef8c6xkJbGtRvAAC4E5qWfpfypp7rFDoXp1bHk5TD6ao	Ancient	74000	24999	1	1000	
RB: Fire Arrow	3Acnw9kQnMG9AyQa5mPjsH4WewjE1ogdU3WG7hndotUQ	Uncommon	89967	0	0	10000	Required Materials:\n(1) Ashwood Branch\n(1) Iron Bar\n(1) Fire Essence
NO_METADATA	dBt9WAnbjZyPRa6KHJcacqapX55riPrkvwjhynRL882 
NO_METADATA	GsBDVqX91BUFssyfMteVW3nwD1UYwG1eXAyzeULjwYTX 
RB: Charming Arrow	7q8ynhr1GtqzU2LQ5cmS7aNDs1KGcPdGK7DVUTomXhLr	Legendary	89995	0	0	10000	Required Materials:\n(2) Menaciadon Tusk\n(8) Gold Bar\n(4) Steel Bar\n(12) Coal
RB: Golden Silk Sheets	AuZJmxoEjW3YRBbJmRqidAJWhRe2aLb5UKYK6DnQrqmP	Epic	89996	0	0	9999	Required Materials:\n(1) Arachnallis Silk Threads\n(1) Gold Thread
Gil's Plate Binding	BJ99AThhycQL4RG8ktBxHNAsAXcxKV3wN8QCmFAALLyx	Epic	74000	20000	5000	1000	
Orc Ear	CUnvSzzD4vBTFThyU7K5Y85LM5XEXJjJNLkBh68Rw7uk	Rare	72740	24999	1	2000	
NO_METADATA	GasMr5CRS7BAWbGKk2f9wwqzLt1YtNuuk2ugSX4H8ttB 
NO_METADATA	GRjHk5EZ42pU8A71Rd7ic3GRqSV3NSZbozBTdXamtL5g 
Ironbark Loop	FYggJMcwRWuJDRJTehqSafo6TV1hZgMRNR59VBjiUg1H	Uncommon	74000	20000	4999	1000	
Potion of Accuracy	7mtbPfeL8RWrt5gtJTjmGCro7ey7UDT4FuJwjUxnMmA8	Rare	72834	24999	1	2000	
Topaz Necklace of Alacrity	6cYNNbMMstxLH8DqtbghuziEj9Bhq6FWFz5PMqHwKKkg	Rare	98823	0	0	1000	
NO_METADATA	9cgfwPBZiY5mSo998H9KcKiEfMjYfSu7CJ3gkukpnkjR 
Herbs	6tHp2t48ejUTMquSknRQngT2EP2Kgs4DUN7t2PW1eosP	Common	98062	0	0	1000	
Boots of Torment	3NM69DLBNF5berSBZijnMT8FQNLZ3H4zXVseqsgucCCS	Rare	72869	20000	5000	1999	
Feather	8i1GTDRWp6TezTCxdF6eGFvNDEiDWVWYTWTioZJiAEj	Common	71818	24999	7	2001	
RB: Hydromancer's Boots III	E5bmLpkPuDHqUrZbAGbbwAnUca623RjAbkB39unm1smY	Legendary	89995	0	0	10000	Required Materials:\n(1) Hydromancer's Boots II\n(9) Water Essence\n(1) Lunar Teardrop
NO_METADATA	SvAZtcePgpNqrBAgqPgecwyeA9rGAgwQcNnghUYmvtf 
NO_METADATA	5Gy1x58RTYKGSaNHJm9irREgVJnjX9PEVDyGSv6onpPz 
NO_METADATA	4qfJS31AzAz8r2efoDMJ8a3NnJr8gbWBNsbixDVcweER 
Bear Hide	9YH3EuaEb1vaELLMhnoWEYtMgEuTcVSpd3iQWHX8EAe7	Rare	72738	24999	4	1999	
Medallion of Open Sea	3d6vjH6fYHAqr6qTTgos493M7svQv4AYmXKFpixQEFFh	Unique	0	0	0	22	
NO_METADATA	9EtKGTyyhKGvfsftHGQKx21iuUh98D1GQQp2J5bVFds8 
Banana	EmCWzNo1pmCVSefmCtbmAHZRNzLjM783nFi9na4xZC1J	Common	98044	0	0	1000	
Large Air Resistance Potion	HnZNParKDfChkFUmxTnJ6T7Rg7ioEqPAW6ntN11qYYe7	Rare	98822	0	0	1000	
NO_METADATA	3JvHMrh2bZeqZ4k5caBMXmD1AVQ2jhcvj3CMmYSn2FCg 
Cord of Coils	95QRF6tPpsehcUqgk9JJxcEhSaNfe1i3ZQN2G4zZQmtA	Legendary	74000	20000	5000	1000	
RB: Screw	5XwdWu72qz99Pn8CDenvr4Gtshf8pF9WCRaoEXf6uxCJ	Uncommon	89970	0	0	10000	Required Materials:\n(1) Steel Bar
NO_METADATA	3suzAfNsvmXGZ8R19HU9iRNyt57JiHEYSjKMiKMmuSzf 
NO_METADATA	ox6Jbyt9EB8m1XotRYUZxVyXe1jychmCSrYoRjetpSz 
RB: Boots of Divinity	DiCC3wTXhqEqc7dhgsJ2N43ks1GqYCRPmD7c8hAyGUz7	Rare	89974	0	0	9999	Required Materials:\n(1) Bear Hide\n(1) Needle\n(1) Thread\n(1) Holy Essence
NO_METADATA	G3ZJnzUTENWSdYiBYqrzhAZxJzvk5tw7yjrc1CBeUidj 
RB: Nail	PPAug4PnjgbjMnP9UwmNFe6YiWvxLcpMrnMms1VvS5L	Common	89863	0	0	10000	Required Materials:\n(1) Iron Bar
Cowl of Divinity	ES2Yk44MK9fcWLTXH6mDkow22pzrTenokzg3pJnkgmvF	Rare	98877	0	0	999	
Sapphire	8HrSeycYeswt5t8fX24rP9yWeC63XVgiEjVvG6xbWhF8	Rare	72892	24999	3	2000	
Small Earth Resistance Potion	6CoR347ceqiDiHVYF9nDEcqif471vBsT7PK4hU7Kn3YJ	Common	98022	0	0	1000	
RB: Tah o' Tides	xbsaHAmDasH6rVdcKoyJ9PV6bYGP5R4ePweh2XVjrhP	Epic	89995	0	0	9998	Required Materials:\n(1) Tah\n(3) Water Essence\n(6) Seaglass Shard\n(9) Feather
NO_METADATA	jsXPhf5Ek4CviaSxsUfijzdzmYyaF2D1p97P67uYx8W 
NO_METADATA	2shWq9rQmomS3zBEgZKS7TFMJaMewcNhjx3ivtT5uHv6 
NO_METADATA	6LvUGN8DHb6SR8Ldt6EoDTCVjgRWpMq3VQWVzXnRdT9m 
Bronze Goblet	Gqrj4ZesrcP6BdN4EktApiRDcbh37YCDCPN99g4R5X5Q	Rare	98897	0	0	1000	
Gold Bar	34gupueaeojNfYXDtnfbWYQejmue1rqtKPUmQ8rgmJh6	Rare	72917	20000	5006	2037	
Cowhide Arrowbag	32BgfTcZUef9ySwyyTVetA9kDesACuuqMgWCh9AsrNxU	Uncommon	74000	20000	4997	1000	
NO_METADATA	Amz9piRaRHLZdue1TLhJHewxnRd4aHJTCbneC6Nv5Q8m 
NO_METADATA	2du1rVujzGCSZ3UbRpKB53VrY367NAVStMdVTSfV4V5G 
Medium Air Resistance Potion	8cnBoP1xZT18EHkAKdQcvHedgSodxtBELe21Tk6r9qcj	Uncommon	98207	0	0	1000	
RB: Boots of Torment III	DLRuAW6y53hNjfGzoEhmLY87wtapsXTh7AJmoGevZ5V9	Legendary	89997	0	0	10000	Required Materials:\n(1) Boots of Torment II\n(9) Cursed Essence\n(1) Lunar Teardrop
Robes of Torment III	Bqgsvw2uAzZusBQUrUsqz1X8dhZJM1QFS2BYcGHMtfd6	Legendary	72959	20000	5000	2000	
Tah o' Tides	HCA5thfntNdYLzgbKPQ1Yt4chACnVepNpzYDAv3S1D14	Epic	74000	20000	5000	1000	
Newt Eyeball	6LUE28MnC4SXX5Md4NeWvj3QHNP6wF9TtFeNQogntuA3	Common	73710	24999	2	999	
Coat of Arms: GDLV	HvCyL4Gb5d8NUEPVCasuMAb6WC4GLGWwchDkHYGSNrHp	Legendary	99000	0	0	964	
NO_METADATA	8C2tX9Vp8bUNetyZqFxUzHeHVxnURjsxocZwKSa2WEwh 
Aeromancer's Boots III	278VzCErCmUq68pyHcAwVNdKPWFVbuJP7MmvABCehum1	Legendary	74000	20000	5000	999	
Tah	Fq93QUf3mK8rcodZZgfEckTTnqKrjPdaNuddTKLnq6dV	Rare	74000	20000	5000	999	
Spine of the Great Serpent	9zCfEBCZSGDmgMBYSuA1rDShYfUa9HwiPqEF7JHgzNc4	Ancient	99962	0	0	0	
Boots of Divinity	bZFcXk77HvrrwFHhSLEFM3sVADJKjKV7BBH7Y3yaBkD	Rare	72870	20000	5000	1999	
NO_METADATA	F8bCRBzJQd3vp3Hc7opTKxas8nXopcHDQc1DJdLXHWnC 
RB: Mura's Plate Binding	DLUiX28XKbgJgChi7AEEE2QcwAkuMYtBTojs7rkeKgQ	Epic	89991	0	0	10000	Required Materials:\n(1) Ruby-studded Bearskin\n(5) Gold Bar\n(4) Tanned Leather\n(4) Needle
RB: Marauder's Bandana	5AvUiAGq5ziNvz5i93eLv31TdX8epFjdubrJPRDrmAUx	Epic	89986	0	0	9999	Required Materials:\n(4) Arachnallis Silk Threads\n(4) Gold Thread\n(4) Silk Sheets\n(12) Needle
NO_METADATA	DyzUqh2GKQVqriMXWacUvKbxtXL9FEU9ypD2nezG8ZXZ 
Small Fire Resistance Potion	CxyUGsvD2Qx1NCLtQGmMwgEKLc2Wo9K3q4CMgrWZ83RV	Common	97980	0	0	1000	
Lunar Teardrop	6fZuxSmFMNNSpQgreSK7LjVez9JMN9jDwXNgireu5ESq	Ancient	73967	24999	1	1000	
Refined Valewood	6WN8a8LQgA2JALxaDUse7jsBvKcmp8tBHCDd8HScvSQC	Common	73738	20000	4989	1002	
NO_METADATA	GCpwcfYYpBAcbcdKXoSqdbHp2BCjpsRwKEQuNQemUQ92 
Geomancer's Boots III	BoHvsj7RHPsDj8kF69Uz1w7NmDsknsYB8GZmYhsEXvVU	Legendary	74000	20000	5000	999	
Blinding Arrow	HL9K1maAYJYkz5maaGeNugbgKrP6e8AgoyQ7aQ2J9vxj	Rare	72905	20000	5000	2000	
NO_METADATA	9YZPoQ53Ap77ZDMspPAe5GGZqki8drrgvXP5zDTgoywH 
Small Armour Potion	EWw6v6qM7TGN6qcj6vNcA2oshTvdgw3tBpcTqRfZEHRr	Common	97998	0	0	1000	
Cheese	59iu5P4tvEmJx5R3y8JhzQZsm7C62W3QhqfUfd4wdeeH	Common	98042	0	0	1000	
NO_METADATA	6MG2NPhxUhAvFrLKTELiugScHgobsbV8cxmED6Ersiw1 
NO_METADATA	CTgN79BByZiRPD1ahekq2av5WWXGAZCDZ2jnuHB3SBkX 
Large Fire Resistance Potion	AU5XkHAPfBKpmhSkUVrmtc9GDyTNcASMa3CpDdCHAjCe	Rare	98827	0	0	1000	
Bronze Warpick	6rFhEZgkN2FNERAcamFgKhwufxW7aJWkVtGkKngtTBkr	Common	97648	0	0	1000	
TypeError: Cannot read properties of null (reading 'name')
	at C:\Users\nexar\Desktop\solana\index.js:106:45
	at runMicrotasks (<anonymous>)
	at processTicksAndRejections (node:internal/process/task_queues:96:5)
Gold Thread	6gjAnSsnWFp7rBpZQy3iMRdj6dfZDCTb2ZUHhiQ7kXWA	Rare	73854	24999	3	998	
Boots of Divinity II	8e9m4LpTk5XR4XutqnmaCUEEzQvWRzBYdGJ5dQThS8ro	Epic	74000	20000	5000	1000	
Mura's Plate Binding	8vpmxcDBPrdVTJVMZgDjrLDWz64o7Z5SMwuVkFfaHgtg	Epic	74000	20000	5000	1000	
RB: Robes of Torment II	9PRb3Lyjt3QTz9ubs2NEHHTMkfLW4hHzsL2VtCVts7Gj	Epic	89991	0	0	10000	Required Materials:\n(1) Robes of Torment\n(3) Golden Silk Sheets\n(3) Orc Ear (Pierced)\n(3) Needle
NO_METADATA	Br3gq76tvM4caH7NgCLZHE6FoErvMpAezW2a5CQ7gfrW 
RB: Thread	3rhHvEtjg7ajfBG5nN2RcynwBXHF4mod6QBmnKNzPqCo	Common	89842	0	0	10000	Required Materials:\n(1) Plain Cloth
Crystal Shard	AENVzfBMqJaTqeRrK57kYGwNKJxY9KGiNtEuAY15vP5Z	Epic	72906	24999	16	1001	
Bloody Handwraps	8rN659QQiKwybwSauWYm5mtF9Q6aX2F45REoXVfqZ6cM	Uncommon	98247	0	0	1000	
Magan, the Dark Foreboder	EBpWHwZgMZiJ84gbHJuRMHrm7CqzmZ2SHhJCp58ioPkq	Ancient	98965	0	0	978	
RB: Orion's Lost Arrowbag	GW43qeut7xpRvwgG9Yf26inN5iFpzvoZGAhSgtnujvma	Legendary	89992	0	0	9999	Required Materials:\n(1) Marksman's Arrowbag\n(3) Refined Dawnoak\n(5) Golden Silk Sheets\n(5) Gold Thread\n(10) Needle
Warrior's Lightplate	6znMJGLxXX33s7nU7QK6ff9ibCPyRwF2M4FSoz8g6Wxr	Common	98055	0	0	1000	
The Illuminator	5ZhGrNxf6ipdCcYniVNpgL4MJoQg13Qypi6nTf9yiwxM	Legendary	74000	20000	5000	1000	
Boots of Torment II	xxaZH2bK1RoMe3Wkr3AfMnJ5wsdvLPmiodKYiMfeDQ7	Epic	74000	20000	5000	1000	
RB: Refined Ashwood	6MeDLwCVs2fQzD5XPxhpAieJuCf4TnmHi45Jzqqou9Y2	Uncommon	89974	0	0	9999	Required Materials:\n(2) Ashwood Branch
RB: Talent Book: Consistent	5GJm6t24MG2DNF1j7XmRyPADxs7K3RYoKYHbFbwYDGCv	Uncommon	89963	0	0	10000	Required Materials:\n(1) Blank Manuscript\n(2) Feather\n(3) Potion of Accuracy
Large Water Resistance Potion	kiw4CdqmiiEwubY3dwacis7Q5rqEKci6yhocpjGXbcB	Rare	98834	0	0	1000	
Tah o' Bravery	7NkWa2nt9rD6k96jGs81JBFCeQuA62sD9JX9e29qDdAk	Epic	74000	20000	5000	1000	
NO_METADATA	3gLvMFDLQDN3wihbBzecfxuiRVqWUERverwyuF7Qgk5z 
NO_METADATA	4haVZ35AjWACUcqxJsuyf2UQKbPgWTD9L8VuuWEPEXaz 
Grokk's Smash-wrap	8s4DV8UCKk4YMJwb7URoSsjZkq1khN5K8Xhy6E3hXaUi	Legendary	74000	20000	5000	1000	
RB: Skillbook: Forceful Sho	5da4cF6SfDKSPHPkVJnCifcjNte9BK524sZTKbA8ojtp	Uncommon	89969	0	0	9999	Required Materials:\n(1) Blank Manuscript\n(2) Feather\n(2) Potion of Strength\n(1) Potion of Dexterity
RB: Magic Pearl	BRzY1B6zYsqtdn4eujSE5ZEU7ArUkJNi45RQKxjS8yuM	Epic	89988	0	0	10000	Required Materials:\n(1) Pearl\n(3) Seaglass Orb\n(3) Crystal Shard\n(5) Water Essence\n(5) Air Essence
NO_METADATA	5twxcyaskbh4Fv5hFzB8XLAFCceGmaTGPtomdQtkQUaM 
Glass	BBPx4DEKgHKY7Za1u6kVR3d4ZymQheNz2C3iUJ78BYGw	Common	99753	0	0	0	
RB: Obsidian Bar	BY9Ly1WCvAM9N3XRQw6VybwVLGmadqpF61eGemjTzKkL	Epic	89980	0	0	10000	Required Materials:\n(2) Obsidian Ore\n(1) Coal
RB: Cursed Fetish	9cSvpFtCnsRE3iHPXQ8e9yHQFjfyeeB95aobNL7A1ppM	Rare	89972	0	0	10000	Required Materials:\n(1) Strange Fetish\n(1) Cursed Essence\n(1) Thread\n(1) Needle
Kitchen Nightmare	6cSBt7oY8apavBHoRzE4J2h8BZ8Pdorn6rk6BVy1XQFh	Unique	98967	0	0	951	
NO_METADATA	Hbye8Fu1sVjqwYjqRDcB6Dn4iv1smLyoyXkXfCMMV9KG 
Small Health Potion	HMxfdC5sBA3H7df1hqc5UhUvo79LC76tg1vLaNvPYsDF	Common	98033	0	0	1000	
NO_METADATA	4E6X5Zi2BktMvPFabkqxb3UZeiULcRNPHFT1bSadG5NL 
NO_METADATA	782RJqLow4WFA8Cvt7irFi1abtwYjDLatMLX8RqkpMKG 
Prismatic Valkyrie	AY6nS7JTk9VWSfQAS2DL6xKHih1WygYB2DW6iLjxKQ4R	Legendary	72954	20000	5000	1999	
Potato	BLMeogKJhQDgUAwMMUSFB3h5xCWhz6ieapFfZxebFCyc	Common	98047	0	0	1000	
Silver Loop	3HoSAA2vi3uXBV8BNEibJBNxydxMGeScBJpFEoMiDQsG	Uncommon	74000	20000	4995	1000	
NO_METADATA	Gz3u6eJaKEviYpPC5AwUziz891kNX76PNdsmJrnaNNY4 
Tah o' Tremors	vLqGTHwDNfWhFn9vZLjKESwNHMnPxAHHRoqYpqzHad8	Epic	74000	20000	5000	1000	
Elven Partyhat	3oWpn1yoHcy3fz7gfwFw7NN3cGfDuBKxMuL6JHSwaqvL	Unique	99950	0	0	32	
Orion's Lost Arrowbag	ofDqQfZBrXmKyq2vqjqFMNwcVkC9RdUrBGrfR9aAdVF	Legendary	74000	20000	5000	1000	
NO_METADATA	CZ4pAArmSy6QJVVp51Q85bLRJwimm3GhEDVyNJ1hhsCf 
NO_METADATA	27GqYzbjbHiUKcemmiMYT25Q8AVXXSr7CvGNJTiWCzAH 
Evarite Ore	GJFNu1nDFDDnjnp6ShqYYZnumA9xzGpsFQ4b8Ps6E98U	Legendary	74000	24999	1	1000	
NO_METADATA	GaSeCdJ8KyaVv896LKUYyWUx3pGnyjzo4Mu7a4zio6m5 
NO_METADATA	9uLjp6nkzVfvBcC7hQM9xo5fsFM7ZMoe2o6JxQM5jgJ3 
Fire Arrow	28LJASLd4vGZSSbWTTaikQgju5hKdvTtK6Q62pHLHxcQ	Uncommon	72437	20000	5000	2000	
Easter Bunny Ears	BWS3buNofQz4FZFRdAvZYKXBEWvAYp1Z95VCGttmitoj	Unique	38	0	0	24	
RB: Atheiran Prayer Idol	Hu59gwDAq5yjqWtP6TuTULmM9wssayYu6zLr8m97928R	Legendary	89985	0	0	9998	Required Materials:\n(1) Cursed Fetish\n(6) Newt Eyeball\n(6) Frog Toe\n(6) Bat Wool\n(6) Dog Tongue
NO_METADATA	7ffB4Y9EVjd4UpCqRo7ZWwdxgSPVbTW7DNLLCihqfQeM 
Iron Ore	HYrLvi8tmA2Y8k7NZSYHQpZ5eBRMZUk1x8UjeeHcqSRu	Common	74000	24999	1	1000	
Crystal Morningstar	9m6TJ5iGnP52PPxgJ58nzZE7sVsYWdRuHzeJdYvtGeD4	Epic	100000	0	0	0	
NO_METADATA	CriYP8NkxdbdsNariGLxpXbNzzsSw99tUPLbsxrN2n32 
Tah o' Ferocity	4LcYawPvuZcNPo1pp5WosG8ycFtnW6QHz2dS4Y84iH8W	Epic	74000	20000	5000	1000	
NO_METADATA	exnQUwZHJuybmS72fLUJXqv7NjJ8RrJfP8vxBNnZBPf 
Coal	Hv1c9v1Foj84E1mppnZ3GSAhwnJWXrAYVgsSPtTXZNEx	Common	74000	24999	19	982	
Crimson Buckled Leather	3t6ZmwUjemkUZHZQPbTqHqc3u1GASsN5LxWNP1okRW1a	Uncommon	74000	20000	5001	999	
Potion of Sight	EyBqVVUQrLYAa95yZG8J8wMdMrEQX5emYvNKGhqmN5ZU	Rare	98814	0	0	1000	
Grand Health Potion	H6VDtv6PhoipZaeqqrdiKzc8CNw2W9nnYhnowd77BTKQ	Epic	72879	24999	7	1994	
NO_METADATA	5FtxHdJzDKZDLGpeLcSZBBcgrVfbcsXGYkUxAVVNCNUN 
NO_METADATA	DrKnU3GpAY1kYVqxDVdBGpC1hzBGX6btDgm6iWHHAJpg 
Plain Cloth	9kPsVkMjK7MQ56FaxKEaLxp7U7Ai4KjQvELADF68EH1B	Uncommon	73828	20000	5004	1000	
NO_METADATA	BKH2kJcfQPnbBxdkUdxAsV55fUsTfBaQMm1ayYCEBx3W 
Obsidian Shortblades	Evrw2Jqq77w6vKK1yZH3hCZPThY89o5iCEjfpqrjmPpK	Epic	98927	0	0	1000	
NO_METADATA	myLQcJDWdy5DVsQApZd3PhsJ6vK3j46bgso9tyrLSDL 
RB: Sapphire-studded Bearskin	Hh4fGkNdT84SgqekM9DJ7p2aPonQvLjZFZELh6PVfKSB	Rare	89977	0	0	9999	Required Materials:\n(1) Bleached Buckled Leather\n(1) Bear Skin\n(2) Sapphire\n(1) Needle
Tah o' Blessings	9tYK6Fy4WwBk9d9Qgcz4ckohcV46PsqVveMcNoEZfx34	Epic	74000	20000	5000	1000	
Trixie	Ac79d214EPzFc9fzbJ11kMiFCN49rUL9SntX16E56gvQ	Epic	98994	0	0	993	
NO_METADATA	G3Z3qyGuDZQayZ47KBMdUVpbiZy5cqXnsyZiajcr1wqZ 
NO_METADATA	BugvgeXcR5RxHbHNiTL9ipyueJ8ey1NeF9fQjVvkjuio 
Dragon Hide	8YSDJTbdqiDEzjfToCvFsU6izSnbV6FUgDTJ3tpM9PUA	Legendary	100000	0	0	0	
Oil	BtLjAcpBff1Tz81UWrkY4o5nK1Ukb2NEYTqXkTdnQSxi	Common	99902	0	0	0	
RB: Buckled Leather Strap	EQSE6LZdZVKkLBcHuaL87JKf7cWMf1esYbyWSTVXDWgQ	Common	89836	0	0	10000	Required Materials:\n(1) Cow Hide\n(1) Screw\n(1) Thread\n(1) Needle
RB: Boots of Torment II	BF6XegCXeJmmyb3nYCAQyeox7suxZLSBZhuY3q65QVC9	Epic	89983	0	0	10000	Required Materials:\n(1) Boots of Torment\n(2) Tanned Leather\n(3) Gold Thread\n(5) Needle
Warpwood Branch	9QXCsARtEQd6qZxSyszPkDywTtBPvSuK6xUj7asxH1fN	Epic	74000	24999	1	1000	
NO_METADATA	BKUxsC9xsXPza2fFq4S95f8VHmQtN6Na9QgUxRxmDBYP 
NO_METADATA	FYLZwDgMWp1aZbc6fa2m4JgRM2G3u9fzSVyd1XF6EfrT 
NO_METADATA	4ef3qUPytRAr4Wgx1CS8Lqy25y36cHF8azwWpUwCiURs 
RB: Robes of Divinity II	Cv3bHC34QxZHbKQPx6aNuHACDwBTdVT5HwkqyTBwhKzh	Epic	89994	0	0	10000	Required Materials:\n(6) Silk Sheets\n(1) Robes of Divinity I\n(3) Golden Silk Sheets\n(3) Holy Essence\n(3) Needle
NO_METADATA	5Ufz6eKZiShKrQP3zf5hXMnB74oDp7gQW5rtsJHTfiRe 
Cooked Rexite Meat	55q2HWoUbuiND6aec6jgLAMdhdaX1CaxKGnRXshXRf6G	Uncommon	100000	0	0	0	
NO_METADATA	FfdKh54AbuX1H6NxQaYagztk7nEHe2QjvvCexx1dRBqQ 
Grand Air Resistance Potion	3jrtzsHdHfK4En2CWJuqP37mz4JMAXjXjt4USaVawV1T	Epic	98899	0	0	1000	
RB: Soul Transference... and You	D7mquXb9mekDAvFAnfh836GXg8iFDULkppCQdi8y5si7	Legendary	89987	0	0	9999	Required Materials:\n(2) Tsavorite Bar\n(4) Polished Crystal\n(6) Holy Essence\n(6) Cursed Essence\n(6) Coal
Petrified Snake	2woAoNrzJzdBkFhWb3CS8nnJgNfhBybwC1iVeisErUjj	Epic	73926	24999	1	1000	
Cultist's Diary	9wScmCvSuoHHyoeVJ1E4s4qq4YQQ3j6hefr4camcw32F	Common	98064	0	0	1000	
Robes of Divinity II	7yUtzTGtmEXKpHhKRqKh82aHjpQreYcjSAqAYwghTKti	Epic	72923	20000	5000	2000	
Seaglass Orb	14uCMWN83RGkcGsoc5RqcVWBetwnuXFMAyvxkGzF2Cnv	Rare	73878	20000	5000	1000	
Sapphire-studded Bearskin	AYaVPbFCXYNxULdsQnFT5juyKBJFaMCfFDM8mHrEdgJx	Rare	74000	20000	5000	1000	
RB: Talent Book: Scavenger	8Ad1MHzbDNY84MKHVeLvysgKAn7MeDfUJaFyt1wXvxvo	Uncommon	89964	0	0	9999	Required Materials:\n(1) Blank Manuscript\n(2) Feather\n(3) Potion of Speed
Fire Essence	EUi9Kty4hCTb3Qyii1bnfBLP68JzVHBM4PZbTUXRdbto	Uncommon	72123	24999	3	2000	
RB: Skull-studded Bearskin	GcewgtXRkhxcJphTSVaPEuiFnnuDmb3g59FrFo66j6Hz	Rare	89973	0	0	10000	Required Materials:\n(1) Buckled Leather Strap\n(1) Bear Skin\n(2) Broken Skull\n(1) Needle
NO_METADATA	kht6MQMbLCTjpSQCsfDkXWB2UtKHmvNW9mw4a8GBy6e 
NO_METADATA	Dq3XTmqX1i1kz22N1vePEUmGruFYAmtGHbznFyLBvXJY 
Water Essence	AXpjhxzVvhAinbuF5i4y5pC8cbdxkVwNsGeYWxLuzW24	Uncommon	72250	24999	1	2000	
Skull-studded Bearskin	3iMbzumoehYMyppx5wGHLkRuucxyMqCj5oGUMhaUyXut	Rare	74000	20000	5000	1000	
Cookbook: Just Stew It	ECXdLVwR2SWeJZgDcLQ7WC6CYXc5LNPc24Tg36RHW7be	Legendary	99996	0	0	0	
NO_METADATA	FCYo6DyctP8ASGgwGoWeZGRjKuk57HmR3iWKrJD4SBEG 
Ruby Star	4dKwkCMYYnRoWwSUv3qtJzZt13bA9PxMiafrjTozSmAd	Rare	98857	0	0	1000	
NO_METADATA	Cm5wJN6sdJNczRu264q3FkiGGKAkcYaNCnWjSX5gwdAu 
Nail	9TiWgUkHYvyzMuCkKwzmSfHffzLFRmLzTyhNevTbDcgr	Common	73725	20000	4980	1000	
Grand Armour Potion	4Vwz4ppsCTFW73nwMRtpeyiavNpqufaxApRcvvoZaJNw	Epic	98879	0	0	1000	
Sabrekin Talon	2c57AeNPzXBrDEmGRcYZrmzTBN4Rp9y4xeGeA1n8WcEB	Uncommon	99858	0	0	0	
Lemon	9gntoKBeSP15nUzbfBsWErC227WNKzfa8dEt6Ne2Dtua	Common	99910	0	0	0	
NO_METADATA	BbnK9q7WiYKahMUWiDJe6bCwjWQszDUo97SoEMsDmJCU 
NO_METADATA	5oeqtk1PsoNKd6geNesVsNxQQqyEjSXzFJ3hZuDScwBt 
Electric Arrow	76Dzvr7LNd46EPtHVW1QoW1nA4vWgnwHgnzwU8xHchaW	Epic	72964	20000	5000	2000	
NO_METADATA	4ZxM1JBTCgmAVC5CnbsKX1drmGn7JLzSWvzeG8rT5Bwd 
Wooden Greatstaff	9VWkzUH42z9jYTLf8Wuo3JUhdv2gGdME2my4CYBFSe6x	Common	97756	0	0	1000	
NO_METADATA	F4bZ9vH58sj4Yneo7agKxzYMJh1VuuVHZxSYoYpkABBU 
NO_METADATA	81ud61rHcjsMPHProN7QtnrucEiwEr7tJGahmQrCjjpG 
NO_METADATA	DpDBeqw8NvP5BWm2HnjjVwdHUiwTG4KaUg6Wxt79prEC 
Salt	FF6DsSrGYXGyxZ7aWSj1dZKitzyojFjVXfUvYcNtLKS6	Common	73907	24999	1	1000	
NO_METADATA	BFnHZ4D6fLwMeaFynzzbMkhw1YczxVjda1VuLyhTdVsp 
Magic Pearl	7aRgjsSs2ubVVaG2hcXnKZRc65WSzKHEXfGpjqkNGN8z	Epic	72917	20000	5000	2000	
NO_METADATA	3Az7iZm3vAjmLFAA88u9Jw1SSn7MewATdMCxdj69yof5 
NO_METADATA	3cfzCv4Ko7jRB5rqwQqY5ALGLFvRNoW2xU26VtCMkkfn 
RB: Electric Arrow	73ygHc4fKLCwX5Qn4Ai3o813BoKvYCqWMdvCABBhpZ5C	Epic	89993	0	0	9998	Required Materials:\n(2) Warpwood Branch\n(1) Steel Bar\n(1) Silver Bar\n(2) Air Essence
Emerald	FwKAJETSEhDPjK6m7oC7t6Qe97Mz7Lzo9paooFHAUPXW	Rare	72870	24999	1	2000	
Talent Book: Consistent	a5skNP4NHiHfk3C6CD8UqGeysTWZsDyqDMhNE3LgqY6	Uncommon	72413	20000	5000	2000	
NO_METADATA	2X8TYHTMjGoW9tuVQUAdynqn9Nj8U4UnaB9MKYaDHyBg 
Topaz-studded Bearskin	BjPQPg4yimvJASBQAw4SGaD4gFqrESopmtxboqJE89KU	Rare	74000	20000	5000	1000	
Esartian Fries	CbvYf4rfpADVkJUSda6GHSFxByjkxh4Zj9P6P57hY11T	Rare	100000	0	0	0	
Pearl	ChaHCDNnPK3wj1XpQXHqs3Qyz3fDQwUcFqbsfc2PtBsj	Rare	72896	24999	1	2000	
Ham	7AqNakVCxiznXCX3FNPgJoqGkeXyHGQ4rBGUyaKMZ1PV	Common	97972	0	0	1000	
RB: Wiseman's Loop	G7Dkwd3WdGTrjBmb6TvFsyzKRebY1ZZNEBHQQ9rE6XSU	Rare	89981	0	0	10000	Required Materials:\n(1) Bronze Loop\n(1) Pearl\n(1) Potion of Intelligence
Tsavorite Ore	7BAAPwwLmYsWWs5qKrzaDiZKq8A4Nxfqs9RUuaXSq569	Ancient	74000	24999	1	1000	
Large Health Potion	291LCZLw7jb1GVhW7xDVChNkg62f39bHf8FpXSE8GCub	Rare	72805	24999	13	1000	
Tah o' Embers	5ADyFJ9b3tubAFvoHGm2rr8H2SRjvpCaRqbT2cuhqrgM	Epic	74000	20000	5000	1000	
Steel Loop	EAWfPTDEznbcKDE5pCoKD6dd5reJ7JwGbxrh2QMbFFAm	Uncommon	74000	20000	4992	1006	
NO_METADATA	5YUjnhERerAuCcbvnGTkQuKeqeqAUcxRbu5n86dmJ6oc 
Archer's Hunting Garb	53PyVHfDGd3REnRbCu67UVVDYYAuJvotG7RJqRWM9Mpd	Common	98108	0	0	1000	
NO_METADATA	F4VpjHCPaYdo78uvBQYNSfAgZcomeWrQPBHHdfTwRqqa 
Boots of Worship	2httkyqS5b4eizdVNMpkDCRWPV8jsyDzrzumKnrki45o	Uncommon	98317	0	0	1000	
NO_METADATA	2qnKitb2xEfHEKZmPkTMuhgka1nT72ovvs6NEQE1kKDa 
NO_METADATA	CG93DKCQFa36VXuitqt4EeEaVMGXbKZKzt3ih8sBiaE1 
RB: Hydromancer's Boots II	QX9RsuKeyGwnKcwRUaZGc2CzqXgeGqzksuaaMhmYyc2	Epic	89981	0	0	10000	Required Materials:\n(3) Tanned Leather\n(3) Gold Thread\n(2) Water Essence\n(6) Needle
Scoundrel Cloak II	8Az5b3dhZHKmCzE7e2CfcBnKweNQn6wmpBEr23shoJRp	Epic	98894	0	0	999	
NO_METADATA	Gdg9ni7NDapb644E9cLZYjvG4tw3UgAzyuQqXnXTxo4e 
Arcane Stone II	6cwpXRHRxf1hzefcxHkm2yje28i5SkvGLwGqQ7xUapfy	Uncommon	98252	0	0	1000	
Menaciadon Tusk	2owyXkfUh4p2sqXurLEmSPWjKajFWkKbbY3v6UkzEfzs	Legendary	73910	24999	1	1000	
RB: Heavy Arrow	d8GSdMd8HFcrpir2q9f7aK8cYuqz5YSKYDfuPN3ixaH	Epic	89990	0	0	10000	Required Materials:\n(2) Warpwood Branch\n(3) Steel Bar
Dual Iron Daggers	BWXKJxAN16v5E1jif2zsi4f2LQgAeYodVUi2UQLuuBM2	Common	97748	0	0	1001	
Solemn Scripture	ENZWChgMNm6Ucjw5vX7a3rT2guPhDQeBjTBcFe21MnMK	Rare	98860	0	0	1000	
Diamond	43Ue36EDsRQ7iGhxCfeLXZj4P2nAP9vWeAa7tAtbfnfL	Epic	99918	0	0	0	
Jet	JBRRXejmBuVrYJSdiMbYAYY6GU9z2dGvN4PTR68azi8H	Epic	73909	24999	1	1000	
RB: Trickster's Loop	C4Gw48AHYYUHFfC7k9YXaGxez8vykuCDPJPYUkt82XEk	Rare	89980	0	0	9998	Required Materials:\n(1) Iron Loop\n(1) Opal\n(1) Potion of Dexterity
Cow Hide	HXeZKwGqnLsFiv93MMrZoSaL83syGisBQwqSkTpfjnht	Common	73762	24999	11	1000	
Cake	7M2HfwBopdLsj9LpqH2XPCYF6PBmgnvkYARtsy3NhVza	Epic	98881	0	0	999	
Hydromancer's Boots III	Bd2TyvcYaL4zLgkHjr5bjKAwjNtUDowotn8wj8JZsFB1	Legendary	74000	20000	5000	999	
Golden Silk Sheets	F3v1EMzWC8u8mcFEHPoiHkEGd5tkiZCHtKGtqRwtwQAV	Epic	73905	20000	4998	1002	
RB: Iron Loop	Fc473p6zUMdvFh86JC3pJo1CHvDzisMAZZEH3hXwTFuB	Uncommon	89980	0	0	9999	Required Materials:\n(1) Iron Bar\n(1) Potion of Dexterity
RB: Pyromancer's Boots II	ChHSYAiugRxnUKNYBtkG7eiuhHP8n4jUfHvf7iboaQB5	Epic	89988	0	0	10000	Required Materials:\n(3) Tanned Leather\n(3) Gold Thread\n(2) Fire Essence\n(6) Needle
Sinner's Loop	GYkscE7MUDaXwLXKhvrzRTrU3KVFNqC8kkAEJu8UeigR	Rare	74000	20000	5000	1000	
NO_METADATA	55uscnrhergxXEqTjAkY9XddCNKCxAxc1t5XFkijY6to 
RB: Emerald-studded Bearskin	8vrSwxfy2FnkSaCPpM4QkLgiw6oHHBCwL8nwYmMBT5mF	Rare	89968	0	0	10000	Required Materials:\n(1) Darkened Buckled Leather\n(1) Bear Skin\n(2) Emerald\n(1) Needle
NO_METADATA	2sL3duG7w3KaDU1WYH7W2zdFNHeBt9AwV2pMgVTFtjTh 
NO_METADATA	CnNETWqjdb4JdUuX2Uye67ErheXb7ws5h16mpYAHXBdm 
NO_METADATA	4RFHLvGUS7FrbzpnNdsD1XjpbqeJ2aJngCXjttzpYzVq 
Robes of Divinity I	2bhybTTXSHPb2fpaUaFb4rFpVHJEbZYx5AeXU9rJquAj	Rare	72861	20000	5000	2000	
NO_METADATA	WsLRem4wZXhmAgtEvUyieegNXdPzoshygiCuDVnbz7i 
RB: Pyromancer's Boots III	Gch9gbYbmGhNQ23J3ztHiUdPbfTstd2HmGUMLuCLKoso	Legendary	89994	0	0	10000	Required Materials:\n(1) Pyromancer's Boots II\n(9) Fire Essence\n(1) Lunar Teardrop
Trickster's Loop	6ERcLcAzrCuQsDcrvf9Zv78yXGD9PpDu2kToMdhQaxbw	Rare	74000	20000	5000	1000	
Pyromancer's Boots III	8DfN9p8q8Qi1axbGLQZUd2JETfTszWCjoMggusGS1k3z	Legendary	74000	20000	5000	1000	
Poison Essence	6GJPEu3ifUy4K9naWaVNS87JWGYxD5WdMzv2EC4E13Ew	Uncommon	72299	24999	1	2000	
RB: Wazuki's Plate Binding	DX9MRi5gT7oQD64RBodUJm5VrDddBo6TQWq5kG7GGhbx	Epic	89994	0	0	10000	Required Materials:\n(1) Emerald-studded Bearskin\n(7) Silver Bar\n(4) Tanned Leather\n(4) Needle
Large Earth Resistance Potion	7vrsg5C56biC229pK8LF1boHYpL8fGQmpc1th2gWLnR5	Rare	98816	0	0	1000	
RB: Refined Valewood	GCfugsZAFArdA8kWrQT2iMpGG2d5hz1gZJqG5qvS4HNu	Common	89858	0	0	10000	Required Materials:\n(2) Valewood Branch
Small Water Resistance Potion	5PBtboTbejQMGnUQqAeFegYborp1ZVTXFf9WyybfFH2S	Common	98063	0	0	1000	
NO_METADATA	GsVuPWQrJyA4wpBzpUUixi6BCYzoToEjR5CQtWvKR9dn 
Marksman's Arrowbag	GTJAbHrVCf4oz28LAUt2j93KKvz7MhXGcsZ51Ew5zB19	Epic	74000	20000	5000	1000	
Firefly	3iTKrtUrwrZx6nEzbH36HSW7yhkdewWjT9JNgMMNsPHN	Common	73755	24999	1	1000	
Ruby-studded Bearskin	F151D5AvxaAdo8F2tS4i3CtcWzJb6HWJzP86f1vb2ivb	Rare	74000	20000	4999	1001	
NO_METADATA	DJkA8TAmFamSWie8dtHLxSw2G9VbM419WYKcYWohPGcp 
RB: Blinding Arrow	79PcqK7fLjSs3bFMF7YUNAyT8HoeZ7qhkVanmdcGrnSh	Rare	89972	0	0	9999	Required Materials:\n(1) Ironbark Branch\n(1) Steel Bar\n(1) Holy Essence
NO_METADATA	3bFgfaxVowYwBuu95XNJBxFSvmyjHrAetN36ZdHx6LwH 
Prickleweed	HoAdoAv1cUyHUqzqJkChctmgBjfv6SMb5rfH6WWtrN76	Rare	100000	0	0	0	
Ruby Necklace of Perseverance	579NFfv32yrX2prPGSfWxzkRD2db5mxcmY8yzMKxz8Wd	Rare	98896	0	0	1000	
Iron Bar	8z891hywuMooTEpLXEDYbuBpRHhR5vncyZD2UGfstufs	Common	71902	20000	5010	2038	
RB: Boots of Torment	84PsEAkpbcj8pk6owkB9edryB4dQH1VXGTxseb4h4Hb1	Rare	89968	0	0	9999	Required Materials:\n(1) Bear Hide\n(1) Needle\n(1) Thread\n(1) Cursed Essence
NO_METADATA	4eJMmarqTjTghtTLvhxXxKMZcAqPFRFsvbjCvQPBixgD 
NO_METADATA	6AkvKNohtAxoAjhvQEGnvC6mDFFUxUzapb1qHMU3rfqz 
RB: Tah o' Blessings	6bxAVyw48nLbvimvtPswWjej5mmrQezyAPK8J7g7J6T3	Epic	89985	0	0	10000	Required Materials:\n(1) Tah\n(3) Holy Essence\n(6) Nail\n(9) Feather
Refined Ashwood	DdxDcFgTCNtWC3uyoQihN4mq3BnhDfx7KrCWs5yM1nMU	Uncommon	72272	20000	5001	2000	
NO_METADATA	6wYqez8LF1hsqgVocR52b4p95zZwyVhGH1UUcuao9jCb 
RB: Silk Threads	GBHthzetk22yhBa2k1FMHxY4Tuk2nWpCKaX1YHeBKJDL	Common	89831	0	0	10000	Required Materials:\n(1) Silk Sheets
NO_METADATA	DBV5UuasU8o444sGQUcdN8cSPyC8BcDwtRvFPghDoMwr 
Collector's Iridescent Loupe	GFw15iaW8Aupn4qb5nmTtgfvxqkQp6odbLfJ1do9Kf7C	Legendary	99000	0	0	997	
NO_METADATA	7QHBjTPf7Lyxzh1zYCfpwKFY51NLUBg7ymaonHrdG8kr 
NO_METADATA	Ch1f73fSAzxQ4LfjBdk51LJpnAi2bjQcdo6EbN3GP24e 
RB: Tah o' Visions	GfRifoQFXQSnjizrgdJg1nenmhBejaDgZ1rPej3uZnLa	Epic	89983	0	0	10000	Required Materials:\n(1) Tah\n(3) Sapphire\n(6) Newt Eyeball\n(9) Feather
NO_METADATA	6M1W5NfeuT73WtWefDWisaxxskT7T2Q3PUmXzG3wkfRS 
Screw	BCfrT9wmfqqGHrkuRzhqm33Hcv53Je8uW7Q6sciVc9TT	Uncommon	73844	20000	4996	1000	
NO_METADATA	GFLLB7JpHzgTjXimB5aRFzn8giqSw5xSwRv5g4hGRhT3 
Dog Tongue	2ThY8rqwVDttSGHM3dPXvzQh52rMZjUPXYnWB5wqBjLi	Uncommon	73863	24999	7	994	
Talent Book: Scavenger	68aKG6CU6xn9Xx2CDgoXLG1yo5bwJBQBDUCRUAUF8h9Z	Uncommon	72474	20000	5000	2022	
Beer	GT7WxjrRefAEDtJgoGq2913ofHxqRFa9phUUkVoCL2sY	Common	98033	0	0	1001	
Arachnallis Silk Threads	4D9eLJnSjdxkP8b82yGNDLG27iLyhCvLtkeEzRj1mGvA	Rare	73826	24999	3	998	
NO_METADATA	EKiWUtiY7GyqCettKQWHrjmQgTu4UQupby4hJyCvDaVk 
Seaglass Shard	Bu9TZRiNv9jkD6AU2j9hd18Ez7ULBickLj3rkbqFVtmu	Uncommon	73862	20000	5000	1000	
Marauder's Bandana	GSR2rXXQcgnYGqnUXX3oxjfrd66CxZE4wmZC9JTke7v1	Epic	72885	20000	5000	1999	
NO_METADATA	HX7tpxez7Nvq2DCzrB6GpAG9ic9mvJvJiveF2SmvCZbJ 
Silver Ore	7tukkLQVzfmuQvJVyv8dzCHc5Lb4anU9QvNe6A151Pw5	Uncommon	74000	24999	1	1000	
NO_METADATA	HfXyUP9VrAs8AD93khxA3kbdLSpHNTnhZFdp6mZ63EVg 
Moonlit Requiem	3JWfy55HZjqJoWvUcW3vbmkaBMDXMHw1g2oCdRZmZz78	Ancient	98963	0	0	989	
NO_METADATA	SDTncnWGwZm4bdLjtirH279vXPzCNm3BG7L9Cf3mrKL 
NO_METADATA	38TFiPfz6R2fqUvbEjVFadsr3auRAPSuzYnZQpBVUXih 
Nadiran Ritual Pouch	DCwDFuENUQEpAfyyHgRSA2gTCS6kL86Rtckuknx6o4cd	Legendary	74000	20000	5000	1000	
NO_METADATA	9PEXRQHqQrwDs2scrT1Puzzpcvm7ZRnCVHHpYo8oTbbi 
NO_METADATA	8fdtNsyARbXxUxGKSY2PX3SJnStJ3aQftS2DEjq8kfi5 
Grand Magic Barrier Potion	3YT9oaahmrDjarCPn6ga85Daq8MCBc7ESBtAbaATc4b5	Epic	72900	24999	1	2000	
NO_METADATA	BCqkyn54McvpbSNyGcnz82BLJiRPs83UB9SuL2v8w9mF 
NO_METADATA	8yhKK3Beh4Naemvq3ZbToVxUn521wpcvcZvd6WjRViAU 
RB: Ruby-studded Bearskin	5DZS1aRVdPKubsJNb7Lo8YAxTYUg7o1J81gAaQwr8SvC	Rare	89979	0	0	10000	Required Materials:\n(1) Crimson Buckled Leather\n(1) Bear Skin\n(2) Ruby\n(1) Needle
RB: Crystal Morningstar	Eqjhu7JPyhtvz1iG4EtuTiysYpMY8yZCc12E7dWYSHFv	Epic	89985	0	0	10000	Required Materials:\n(4) Crystal Shard\n(4) Steel Bar\n(8) Coal
RB: Geomancer's Boots III	AWNkCdkd7VJma2wnJxQQAPgZd9xYuk3dWWXNpMyGVr75	Legendary	89987	0	0	9999	Required Materials:\n(1) Geomancer's Boots II\n(9) Earth Essence\n(1) Lunar Teardrop
RB: Bronze Loop	9GvXWh1x9vBAhdgsf4HxAmPd4juGd5CYZnBhow4JPyge	Uncommon	89978	0	0	9999	Required Materials:\n(1) Bronze Bar\n(1) Potion of Intelligence
RB: Grokk's Smash-Wrap	DFP8qLNAzcA8KbnbM8LBFX6mrkWN4yTafU1DC1iRBF2A	Legendary	89993	0	0	10000	Required Materials:\n(1) Mura's Plate Binding\n(3) Menaciadon Tusk\n(6) Broken Skull\n(6) Nail
RB: Boots of Divinity III	5op7ULMCditoAzu68XeUnAK1QDSA6F4GUfxHvv4B7zG6	Legendary	89992	0	0	10000	Required Materials:\n(1) Boots of Divinity II\n(9) Holy Essence\n(1) Lunar Teardrop
Charming Arrow	EKbjTjG3obytDxpNVD7wS6aZMeKN4s7tUNP7derQ2Pyr	Legendary	72954	20000	5000	1988	
NO_METADATA	Fv8uxExwnxQij5HWjPX3r6gyKYyfdQGzT8Yjw9bbqpXL 
RB: Steel Loop	3xZXeiRKENa622EYS1nbhqjnU3J1fzTDz5CF4UhUiJh3	Uncommon	89963	0	0	10001	Required Materials:\n(1) Steel Bar\n(1) Large Health Potion
NO_METADATA	EipiiFn9k3Bff74yKWdZfJunJtpxmGbZApMhVcJ14HBU 
Duality's Fate	7togKKti74agzayfN2VFbZrb9uq9YmppFPMTLNiZSQAM	Ancient	98975	0	0	983	
RB: Tah o' Tremors	5LgRSS4G6HQXyQaJUXr9z2RDEY7ivbGJYeBNJMYvNdhs	Epic	89995	0	0	10000	Required Materials:\n(1) Tah\n(3) Earth Essence\n(6) Bone\n(9) Feather
Carrot	TdKwjK1nD4v8W7a5Vr2tBKg534EE1Y2cMAatGRsxPHr	Common	98030	0	0	1000	
Valewood Branch	3RGzEGEp3kSu1xLxfHaNh9ubZk1vVw1Fa3cYexHabAGZ	Common	73000	24999	23	1946	
NO_METADATA	FUX3fmsMB6uiLhpsLVHPqFSs8RoYBNbK3nB8eftR6DDK 
Darkened Buckled Leather	DzFJe7HmtyfqCcwcFUMx7B1GDJeMWQkHHJ6gQr4uckQA	Uncommon	74000	20000	5000	1000	
NO_METADATA	HTC218diCaekadSSwswTW2Mdv2Hobo5rvBXai3EiHmwT 
NO_METADATA	co9dLqiNtepb7m8hVoK4MgPiCjk1cwqqQyv7niwnofL 
Boots of Torment III	715E7ddfcUXTXNgXfpngUxRXbUeTdFd8Z7u7NGet4hGU	Legendary	74000	20000	5000	1000	
Opal	AycoXKcNijqYde7xET4C867VDYKQSbgB2quvbmGxvoMe	Rare	72900	24999	1	2000	
Small Air Resistance Potion	r3m8nLACgbjdMDFJyeEcXC51UuwmciLXn1bhWDK4xdL	Common	97946	0	0	1000	
NO_METADATA	4NXZiafMPXvaNNnG1SZZ1nMAhaoJcznQuZxRYfXMC77D 
NO_METADATA	BVKPEzq2jr7mv48yDnD76ZY5r3DzVVQQ5E4wewjPpjET 
NO_METADATA	DRR6T2JXRnjsYNKqGcQsJfBmdnidtsLd5wFYLeyVNT3W 
Ashwood Branch	E9uzeCnX3iBQPrxq6eYbvTMsrJjCxQL258iTi1CN6aQe	Uncommon	74000	24999	1	1000	
Iron Loop	29W69eru2oVg5w8pgQ5wQhwxtV2x5kuL9VWEv8dvY2Tq	Uncommon	74000	20000	5000	1000	
RB: Tah o' Ferocity	9nGTZYQ1Rqr3Ka6B9ndUaFAk9Jq1vAYg94D7n5omafaB	Epic	89991	0	0	10000	Required Materials:\n(1) Tah\n(3) Emerald\n(6) Rubber\n(9) Feather
NO_METADATA	GxChERY3zq1diYLDKuW5eXw5xLWgtxQvah6DuqsRnb3b 
NO_METADATA	DY9ZXdHosTguqfv6ANTsEtV82oF3ubEXZ8BTmWPzUeiL 
NO_METADATA	2gmQp6ZJ8tqWRiCyee72yoW4mUMNeCkZzcgCmFhJnuUZ 
Ruby	CWuG8Bc3eY5tTcZR8kDD2xHYJsYy6UucJWbYxGTb2g1P	Rare	72894	24999	3	1998	
NO_METADATA	3R86dZNkTg9t3gQocRmAsqfaQLpTXg8Ffp5XEu7JEVQz 
RB: Frostflame Cone	14sxbCX2kGPsuEJ4RJPpKmq8PnQjwWfELwkJzugcogX5	Ancient	99973	0	0	0	
Hat of Worship	CSHRknJeC2cUFt5EuyE9NyXoEJwVQ7MMh3Zwub5DPbDH	Uncommon	98286	0	0	1000	
RB: Bronze Bar	GdM4wdsEnpdL88BV12HJBCcLmGZs1ptyrRLQWevXfHmT	Common	89849	0	0	10000	Required Materials:\n(2) Copper Ore\n(1) Coal
Dot	54H8r4REkb3j2co6jUUAFB9yZW8PVy9pJo7Av2NABd2k	Epic	99000	0	0	992	
RB: Nadiran Ritual Pouch	BbFMRYa7A4pu1s5xBUUnbEED7etJW3xUcdKfzWRFpJcj	Legendary	89993	0	0	10000	Required Materials:\n(1) Gold Pouch\n(6) Golden Silk Sheets\n(6) Water Essence\n(6) Earth Essence\n(6) Needle
Soul-infused Tsavorite Shard	BdutH2zXjoiVNjobk2T4uDckgWiZ3VCScknc3P6qaW1r	Legendary	72938	20000	5000	2000	
Small Egg	7ZfwxEktjmdiQQg7cYzZjwLDCZPPCuxJGXhvxLcTbxzb	Common	98011	0	0	1000	
RB: Gold Screw	8afMWDz2xjnD58HHUsDaep97ybS6HXiybn8Xi25m5k5G	Rare	89984	0	0	9998	Required Materials:\n(1) Gold Bar
Easter Bunny Tail	5UUWjR2aLqWw1FkCgP9FHBW3T8mhreYEwTgvH6j1pYBS	Unique	14	0	0	23	
Tah o' Misfortune	9BTZEjBTSxrseJdiHr68AvHo1QzWy2GdPXM1LSC6m5CA	Epic	74000	20000	5000	1000	
Esartian Partyhat	FyJEtwbVsrTbEJxwmUMqpk4RbVCESLuJxeaJagRThLPQ	Unique	99950	0	0	34	
Tomato	952raCFVsf3jZRDbxppULcBoMqTkijZSbH1yUjRa8LXQ	Common	71992	24999	1	2000	
NO_METADATA	5hwwLgbAuRHnxQyXE3X21WpGHXEYihZKnrGtMoNW1nsw 
NO_METADATA	4hWmbgyNMDuAncaniYvAxue14iwGeB1Kry6QDA7Q99uN 
Concordian Partyhat	BRsf4ANqFEVYJV2dbshwMHV6Ru5WzFjpMKYeN3CiLaYo	Unique	99950	0	0	35	
Scoundrel's Sack	6uaGZdxSYyKdRsU8ve28firL5a9bJobvVRuQckScvnZJ	Uncommon	74000	20000	5000	1000	
Apple	517spiUL1UDpCJk9iA4fZ2ThbcTg5gxse4AZH1Zjhx9f	Common	98059	0	0	1001	
NO_METADATA	GeGaNMGANFQg9eqrpzfct3LyfETvtewaYfY9feqciJmi 
RB: Robes of Torment I	9swNUrJt3zzEV7CnTJeFRYZKjtZeUsFEJmKew24kBfXd	Rare	89974	0	0	9999	Required Materials:\n(6) Plain Cloth\n(2) Orc Ear\n(2) Cursed Essence\n(4) Needle
Witchbriar Branch	HntRD5uLtqjmqPchwLn7xrUCHHbyCVqZaZfEbvrFJZJd	Legendary	74000	24999	1	1000	
NO_METADATA	FA7sg6rn2Bqr5Q2ueL2xMbJSKL4sgvYhaC7DaEuv1j9c 
RB: Poison Arrow	9UbwvbwpL3noKueWYxXMrH8DTjevcBAZYXNaBgar5UD3	Uncommon	89967	0	0	10000	Required Materials:\n(1) Ashwood Branch\n(1) Iron Bar\n(1) Poison Essence
TypeError: Cannot read properties of undefined (reading 'value')
	at C:\Users\nexar\Desktop\solana\index.js:111:26
	at runMicrotasks (<anonymous>)
	at processTicksAndRejections (node:internal/process/task_queues:96:5)
Dixie	BF3nd3kN8qqMvb4Fi7jqKHXMNLnuh3iL5CqkmYMJY92D	Epic	98997	0	0	992	
Amethyst Star	GLTc4wh5cpZdw61kb1iPnadejcvH2nMNvviL1DKEHt77	Rare	98882	0	0	999	
Honey	9m3fj3t3ACdW3MgUHHcFBUfthCxnLnrMbaaZACX5PbkT	Rare	100000	0	0	0	
Geomancer's Boots II	ArHu7ZLdT63qxqGmzLHfPFaj3WEZSEpDumcU8KMYX5F3	Epic	74000	20000	5000	1000	
Skillbook: Duel	CGSpjrMFhTtV1cfTChioZQiPvxAzNUnz4hxYdSUQFfaj	Uncommon	72426	20000	5000	2019	
Wazuki's Plate Binding	3we6MxQFnDKdQRXSFWXkLKZURLefQdZH3EBQN27i22PA	Epic	74000	20000	5000	1000	
Thread	65aFT5dJrSoAhXPhxPZo3BfY1k4rm7TRE3p7z8AYS2rs	Common	73722	20000	4997	1000	
TypeError: Cannot read properties of undefined (reading 'value')
	at C:\Users\nexar\Desktop\solana\index.js:111:26
	at runMicrotasks (<anonymous>)
	at processTicksAndRejections (node:internal/process/task_queues:96:5)
Lemonade	BWpHUKpZdTMz71evZYbE9sD6gTptsx4S8Q8oBnAGwKU8	Rare	100000	0	0	0	
Valiant's Loop	9itibiT1ERfH5X4XKi13LqF6ThjBdaWWSE7UTNuuiY6f	Rare	74000	20000	5000	1000	
Dn'tah	6n1zaEYeYbmsTXmHUrAaFKjQPeiuF2emD1SPXSHq5Pja	Uncommon	74000	20000	5000	1000	
NO_METADATA	PinDHUgQGcZtRvmm36UJ18pAafZwg4Vp9SWJX8mhbkU 
NO_METADATA	4cS8uNQNEKe2aLoUsKJtLtKqGeZxmBap9jN7Yb8cEAfU 
Rubber	6Vz7TBMJtq7S5xGzZVYYeYgZQw6Rbgegm1zwSWsrC88L	Common	73705	24999	1	1000	
Frog Toe	9nezKdSCyzaj6EzyMUJwU1WkxsvYTMFBRQyrum2gHqrb	Common	73727	24999	7	995	
NO_METADATA	FC9jadM1zjnzPBzVxa4JErp4Hn8UNGuVFT33J6rDrAFh 
RB: Refined Witchbriar	GKU9rAUkc6ujhJkCirWiuy8wWreZQSPDateHYvxn17et	Legendary	89990	0	0	10000	Required Materials:\n(2) Witchbriar Branch
RB: Tsavorite Gauntlets	5hwVUX3JnqwbwXDDSgtL7941DRdtBhdngQUsiUknajtB	Legendary	89995	0	0	9998	Required Materials:\n(2) Tsavorite Bar\n(4) Steel Bar\n(4) Gold Bar\n(10) Coal
NO_METADATA	CHHNipjdAQXv56PR6Uhs6GL3LnchFMgjJ6LRXMiKfZWY 
Gold Pouch	EpNu5KRnyoQmio13Z3MC9gNECVUdoc1RDiVdd74REjZ7	Rare	74000	20000	5000	1000	
NO_METADATA	CXcnqcdAtmSC6uvVQ2LBwibabKN14dQXja2W5WJVPbAx 
Bone	C9LT1gno3dQMpZoaghkZHYf8SAKNg4jBkrt8i7bwbRZT	Common	71787	24999	1	2000	
Grand Poison Resistance Potion	ttrxXWgRhuFGEVztMNuF7yxqdFk3G1idoo5ymEW8wG3	Epic	98895	0	0	1000	
NO_METADATA	4Dc9w95XFQ1zneucsbJBzmTYVP4R9q1NK7dAiU9jWvkg 
RB: Sharp Arrow	FgyvJ6VWYYfNMYjhdpEcCzsYdfus9vQFXx9RumaSvSUz	Uncommon	89969	0	0	10000	Required Materials:\n(1) Ashwood Branch\n(1) Iron Bar\n(1) Feather
NO_METADATA	2Ye8n4Rzsfpv1yLn4KLVgM4u7hTdYKAER3tAWreg9bAc 
NO_METADATA	ArWiPDQ4miYg1h4yXkN2mf2f5NNS71wMs3wzs8r4bJGf 
NO_METADATA	9MKQSPJk4cKmhdREAyJGNjBxhdwFPuLbi3QmpYfFDoR7 
RB: Bleached Buckled Leather	CYK69UkNRMdetEfjUBBBHNNenPWwwh6stFcw4nGFr1mv	Uncommon	89956	0	0	9999	Required Materials:\n(1) Buckled Leather Strap\n(1) Boar Hide\n(1) Bone\n(1) Needle
RB: Scarlet Leather Whispers	AauJHyejsW8yRwLFczEdBfCWLZxy78ZTjWXVH5DyFxhu	Epic	89986	0	0	10000	Required Materials:\n(4) Golden Silk Sheets\n(1) Basilisk Talon\n(1) Jet\n(4) Gold Thread\n(8) Needle
RB: Marksman's Arrowbag	78xhvBha1WHZUiwjfbn6HzF3pPYy5G4N2hD2hb5XYFRf	Epic	89995	0	0	10000	Required Materials:\n(1) Ferocious Arrowbag\n(4) Tanned Leather\n(4) Arachnallis Silk Threads\n(8) Needle
NO_METADATA	G8DYxg6Jqb2uhBwxbqS1pcfB9g56YhFwGdeeBpCryjvW 
NO_METADATA	2BsSYMx2yDNSLAE6DTY46JUZup8885VQ6KNJkPpDjWau 
RB: Silver Bar	CTxzDqAw7U9x7WPdUMkixiEg6q3H685Yopsq5MVkRX1F	Uncommon	89966	0	0	10000	Required Materials:\n(2) Silver Ore\n(1) Coal
NO_METADATA	8ymaAmV7Ug3TPnpPfg2G9Qyoinq3aVxZ3RKQ32pS94jE 
NO_METADATA	D3TScvkNf1NVYPgyh7pDL7N1nRwKonxvEBoNXD1qDDHH 
Atheiran Prayer Idol	2QZwdZpFyFQ7UuijGsU3NGmWu6A4UpJVQEFxjuv4h95H	Legendary	74000	20000	4999	1001	
Medium Fire Resistance Potion	8JZcsvJuPdGWXTFZNMT632DqsUDXtTSwgvSP66uqfQ1c	Uncommon	72295	24999	3	2000	
RB: Ferocious Arrowbag	CKi2XLfCGKPZbwvifFHCrnPhGUUs8aiKhZfiSYJiUPLj	Rare	89964	0	0	9999	Required Materials:\n(1) Cowhide Arrowbag\n(1) Boar Hide\n(1) Bear Hide\n(2) Needle
Potion of Vigour	9CNUMSvcPZMJmjfEZraFAvcW5c3VHC9kMbrecYeNC9ES	Rare	72822	24999	2	2000	
Chicken	7nf6BnLJ1Mp1r2n32pE1fLYZmoYpSJtUCasggzrB1v1F	Common	98006	0	0	1000	
NO_METADATA	GxpyuM6iqyWimGw6eMAYKbUv1p9Jz4Ywx7Fgih8fwBQw 
NO_METADATA	7w994N4W5XBqnkx1T2qthk5sczcgvwoMj3xfjXnW1wt7 
Mage's Cloth Robes	BP82deZzieqL6VzhiMV5x85vbbPxRZ6XNM8EFoPVCJXv	Common	98047	0	0	1001	
NO_METADATA	5CYqRNrhwserJwYtgpomJ7KzPfdXAh4vu2SZWnVwSkfc 
RB: Dn'tah	furtyMrKUc2HPMVd6vPbK1UUMtCpL2bGphL2fwoZBwY	Uncommon	89975	0	0	9999	Required Materials:\n(1) Firefly\n(1) Broken Skull
Pyromancer's Boots II	GKpdyeGWnH8AseTkDMEnhfn3wA3k4qLPEUWsX6Krj8hr	Epic	74000	20000	5000	1000	
NO_METADATA	27QoZF4SVZDv6n3ps1WAyUuG6Zgw7gmzWLFv48wvBXVf 
